Banco,Sector,Tipo,Resumen,Descripción,Ref2024,Ref2025,Alerta
Santander,Oil&Gas,D,Santander cambió su meta en el sector de petróleo y gas de un límite de emisiones absolutas a una métrica de intensidad,El objetivo pasa de ser un único valor de emisiones absolutas (16.98 mtCO2e en Informe 2024) a un rango de intensidad 2.31-3.03tCO2e/TJ en Informe 2025).,pag 49,pag 61,
Santander,Oil&Gas,D,"Exclusión de las emisiones de Alcance 3 en la meta de alineamiento, reduciendo la exigencia climática al ignorar el impacto del uso final de los combustibles fósiles.","El objetivo de alineamiento en el Informe 2025 se centra ahora exclusivamente en alcances 1 y 2, mientras que el Informe 2024 incluía los alcances 1, 2 y 3 en su meta de reducción absoluta.
El banco argumenta que los clientes tienen mayor control operativo sobre los alcances 1 y 2, y que las emisiones de alcance 3 ahora se monitorizan a través del nuevo ""Índice de energía primaria"" debido a su fuerte dependencia de la demanda global.",pag 49,"pag 61,65",
Santander,Oil&Gas,M,Actualización metodológica del año base a 2023,"Se informa que el año base ha sido actualizado a 2023 en el Informe 2025, sustituyendo al año 2019 empleado en el Informe 2024.",pag 49,pag 61,
Santander,Power,M,"Cambio de métrica hacia un rango objetivo que refleja las distintas velocidades de transición regionales y normativas, sustituyendo la meta de un valor fijo único para 2030","El objetivo a 2030 ha pasado de un valor fijo de 0,11 tCO2e/MWh a un rango objetivo de 102-124 kgCO2e/MWh para reflejar las diferentes velocidades de transición regionales y normativas, modificando también la unidad a kg en vez de toneladas (t).",pag 49,pag 61,
Santander,Power,F,"Fuerte mejora del desempeño físico de la cartera con una caída significativa en la intensidad física de emisiones, impulsada principalmente por la reducción de exposición a clientes intensivos y la financiación de proyectos renovables","La intensidad física de emisiones cayó significativamente de 0,15 tCO2e/MWh en 2023  a 88 kgCO2e/MWh (0,088 tCO2e/MWh) en 2024, impulsada por la reducción de exposición a clientes intensivos en carbono y el aumento en financiación de proyectos renovables aún en fase de construcción.",pag 49,pag 61,
Santander,Power,D/M,Discrepancia contable en los datos de exposición de 2023 reportados,"Se observa una discrepancia en las cifras de exposición (saldo dispuesto en miles de millones de euros) para el ejercicio 2023 entre los informes publicados: el Informe 2024 reporta 10,75 mil millones EUR, mientras que el Informe 2025 12,79 mil millones EUR para el mismo periodo. Santander no presta justificación para el cambio.",pag 53,pag 65,
Santander,Steel,D,"Relajación de la meta a 2030, pasando de un objetivo fijo a un rango más permisivo, otorgando mayor margen para financiar operaciones siderúrgicas menos eficientes.","Se informa que el objetivo para el año 2030 ha sido actualizado en el Informe 2025 a un rango de 1,17-1,28, en sustitución del valor puntual de 1,07 consignado en el Informe 2024.",pag 49,pag 61,
Santander,Steel,M,Actualización metodológica que desplaza el año base de referencia para la medición de la cartera a 2023.,"Se ha actualizado el año base a 2023 para el Informe 2025, en sustitución del año 2019 empleado en el Informe 2024.",pag 49,pag 61,
Santander,Steel,M,"Incremento notable en la intensidad física de emisiones de un año para otro, justificado por el banco debido a un cambio en la composición de la cartera provocado por amortizaciones de clientes de bajas emisiones","Se registró una subida en la intensidad desde los 1,38 tCO2e/tS reportados para 2023 (Informe 2024, p. 48) hasta los 1,51 tCO2e/tS para 2024 (Informe 2025, p. 61) debido a un cambio en la composición de la cartera por amortizaciones de clientes con perfiles de bajas emisiones.",pag 49,pag 61,
Santander,Automotive,D,Adaptación a rangos para las carteras de fabricación y préstamos,"Los objetivos para 2030 se han flexibilizado pasando de metas fijas de 103 gCO2/vkm en fabricación y 75-89 gCO2e/vkm en préstamos europeos a rangos de 80-98 gCO2/vkm y 70-109 gCO2e/vkm respectivamente, reflejando así los diferentes escenarios de transición regionales y la volatilidad del mercado del coche eléctrico.",pag 49,pag 61,
Santander,Automotive,D,Suavización de la exigencia de transición al adoptar un escenario mixto (NZE2050 + APS),El banco ha sustituido el escenario IEA Net Zero 2050 para ambos subsectores por los escenarios combinados IEA NZE2050 y APS.,pag 49,pag 61,
Santander,Cement,N,"El sector carece de reporte activo de métricas, objetivos o exposición en ambos ejercicios analizados.",No reportado en ningún informe.,-,-,
Santander,Aviation,D,"Retirada del objetivo formal de reducción a 2030 por barreras tecnológicas y de mercado, degradando la exposición a una mera cartera en ""seguimiento"".","Cambio de clasificación del sector (Eliminado como objetivo) — El sector de la aviación ha pasado de tener un objetivo de alineamiento definido para 2030 de 61,71 gCO2e/RPK a ser clasificado únicamente como cartera en seguimiento sin objetivo fijado, decisión justificada por su menor materialidad de alineamiento y  su fuerte dependencia de factores externos como los combustibles sostenibles (SAF) y avances tecnológicos lentos.
",pag 43,"pag 59
pag 68",
Santander,Shipping,N,"El sector carece de reporte activo de métricas, objetivos o exposición en ambos ejercicios analizados.",No reportado en ningún informe.,-,-,
Santander,CRE,M,Ampliación del perímetro de consolidación de riesgo climático al integrar los datos de inmuebles comerciales e hipotecas de la filial en Portugal.,"El análisis de emisiones financiadas del sector inmobiliario comercial se ha expandido sumando la cartera de Portugal a las métricas de España y Reino Unido que se reportaban en el año previo (Informe 2024, p. 49; Informe 2025, p. 61).",pag 51,pag 70,
Santander,Coal,M/F,Caída brusca de la financiación ligada al carbón,"La exposición reportada a cierre de 2024 es de 4.2 mil millones en el Informe 2025, mientras que para el mismo cierre de 2024 el Informe 2024 reportó 4.8 mil millones.
Se incorpora el valor de exposición para 2025, que se sitúa en 2.3 mil millones de euros.",pag 50,pag 68,
Santander,Aluminium,N,"El sector carece de reporte activo de métricas, objetivos o exposición en ambos ejercicios analizados.",No reportado en ningún informe.,,,
Santander,Agriculture,M,"Refinamiento en la medición de la cartera en Brasil, acotando el análisis de riesgo a los subsectores más materiales: soja, maíz y ganadería bovina.","La medición de emisiones financiadas en la cartera agrícola de Brasil se ha refinado para incluir de forma específica únicamente soja, maíz y ganadería bovina de carne, lo que ha supuesto recalcular las emisiones base reportadas en 2023 de 9,83 MtCO2e a un valor de 8,41 MtCO2e para garantizar la comparabilidad.","pag 51
pag 43","pag 69
pag 61",
ING,Oil&Gas,F,"Cambio a límites de crédito (loan limits) para medir la exposición, reflejando una mejora real en intensidad y una caída sustancial de saldos en Mid y Downstream.","En el sector Upstream, conforme a la validación de SBTi, la entidad ha ajustado su metodología de medición de exposición, sustituyendo el criterio de saldos dispuestos (1.001 millones de euros en 2024) por el de límites de crédito, los cuales alcanzaron los 1.900 millones de euros en 2025. Asimismo, en los segmentos Mid y Downstream, la intensidad de emisiones se redujo de 19,1 a 19,0 kg CO2e/boe, acompañada de una disminución significativa en la exposición, que pasó de 7.400 a 5.600 millones de euros.",pag 111,"pag 113, pag 364(validacion SBTi)",
ING,Oil&Gas,F,"El banco retrasará hasta 2026 el cese de la financiación de nuevas terminales de exportación de GNL, alineándose con las advertencias de la AIE sobre activos bloqueados.","Según el informe de 2025, el banco no financiará nuevas terminales de exportación de GNL a partir de 2026, sector que hoy supone el 39 % de las emisiones de su cartera. Esto representa un retraso frente al informe de 2024, que prometía detener esta financiación en 2025. A pesar de la demora, la medida respalda la postura de la IEA (International Energy Agency), que advierte sobre la susceptibilidad de estas infraestructuras a quedar bloqueadas en una situación de lock-in.",pag 126,pag 115,
ING,Power,F,Fuerte descenso de la intensidad de emisiones de la cartera impulsado por una alta canalización de capital hacia la financiación de proyectos renovables.,"La intensidad de emisiones de la cartera ha caído de forma destacada, pasando de 63 kg CO2e/MWh en 2024 a 43.6 kg CO2e/MWh en 2025, lo cual ha estado acompañado de una subida del volumen de la cartera desde los 11.5 mil millones de euros hasta los 13.3 mil millones de euros, impulsada fuertemente por la financiación de proyectos de energías renovables.",pag 111,pag 113,
ING,Power,F,"Incremento notable del apetito de riesgo en energías limpias, elevando los compromisos financieros en eólica y solar a 9.600 millones de euros.",Los compromisos en energía eólica y solar aumentaron de €7.0 mil millones en el Informe 2024 a €9.6 mil millones en el Informe 2025.,pag 4,pag 4,
ING,Power,M,"Actualización metodológica del año base para la medición de la huella operativa del banco, saltando de 2014 a 2023.","En el Informe 2025 se establece 2023 como nuevo año base para la huella operativa, sustituyendo la referencia de 2014 utilizada en el Informe 2024.",pag 20,pag 21,
ING,Steel,M,"Adopción del estándar de los Principios del Acero Sostenible (SSP), que evidencia una mejora real en la intensidad de la cartera pese a mostrar una desviación temporal.","El banco ha actualizado la presentación de su métrica de alineación según la guía más reciente de los Principios del Acero Sostenible (SSP), pasando de reportar un ""SSP Alignment score"" (0.83 en 2024) a una desviación porcentual ""SSP percentage deviation"" (+5.4% en 2025), logrando pese a dicha desviación temporal una mejora real en la intensidad de emisiones de la cartera al pasar de 1.93 a 1.90 t CO2/t acero sobre una exposición que aumentó de 2.0 a 2.1 mil millones de euros.",pag 111,pag 113,
ING,Steel,M,"Limitación detectada en el modelo de medición, que actualmente no captura el impacto positivo en riesgo climático derivado de financiar proyectos de ""acero verde"".","El Informe 2025 señala que la metodología actual aún no refleja el impacto de la financiación de proyectos de ""acero verde"" en fase de desarrollo.",,,
ING,Automotive,D,Ligero deterioro en la intensidad de la cartera provocado por un efecto composición: los clientes más emisores aumentaron las disposiciones de sus líneas de crédito.,"La intensidad de las emisiones se ha incrementado levemente, pasando de 0.146 kg CO2/vkm en 2024 a 0.150 kg CO2/vkm en 2025 para un volumen de cartera estable de 4.0 mil millones de euros, dinámica impulsada por aumentos de saldos en clientes específicos de alta intensidad que compensaron las reducciones promedio del resto del portfolio.",pag 111,pag 120,
ING,Cement,D,Empeoramiento de la métrica de intensidad explicado por un mayor uso de las facilidades crediticias por parte de los clientes con peores ratios de emisiones.,"La intensidad ha sufrido un leve incremento, pasando de 0.688 t CO2/t cemento en 2024 a 0.695 t CO2/t cemento en 2025, al mismo tiempo que el volumen de la cartera disminuyó de 0.7 a 0.6 mil millones de euros,ya que algunos clientes con mayor intensidad de emisiones aumentaron su uso de las líneas de crédito, mientras que los clientes con menor intensidad de emisiones redujeron su exposición pendiente.",pag 111,pag 118,
ING,Aviation,D,"Repunte de intensidad y aumento de exposición originado por distorsiones temporales de liquidez, concretamente pagos anticipados en aeronaves menos contaminantes.","El volumen de compromisos financieros en la aviación se ha incrementado de 4.1 a 4.8 mil millones de euros entre los reportes de 2024 y 2025, mientras que la intensidad de emisiones repuntó un 2%, pasando de 844 a 861 g CO2e/RTK, atribuido en el informe a pagos anticipados en facilidades de aviones de menores emisiones que alteraron de manera temporal la ponderación de la cartera.",pag 111,pag 121,
ING,Shipping,M/F,"Mejora continua en la senda de alineamiento a 1.5°C, respaldada por la inversión de los clientes en eficiencia y el entorno regulatorio marítimo más estricto.","El delta de alineación frente al escenario de 1.5°C se ha mantenido en terreno negativo (alineado), aunque moderándose desde el -7.6% en 2024 al -4.6% en 2025, respaldado por un volumen de cartera que se mantuvo estable en 8.6 mil millones de euros. La reducción se debe principalmente a las inversiones realizadas por sus clientes en tecnologías de eficiencia energética y reducción de emisiones.El cambio se debe principalmente a las variaciones en los segmentos de graneleros y petrolerosde su cartera, que han tenido un impacto más significativo en la intensidad media ponderadaeste año. Las normativas medioambientales internacionales, cada vez más estrictas,también son un factor que contribuye a ello.",pag 111,pag 122,
ING,CRE,F,Adopción del estándar CRREM que aflora una importante mejora en la intensidad climática de los activos inmobiliarios comerciales en un contexto de crecimiento del saldo.,"Tras un ajuste en los factores de emisión para alinearlos estrictamente con el modelo CRREM (pasando de factores ""Well-to-Wheel"" a ""Tank-to-Wheel""), la línea base de 2022 ha sido ajustada a 37.0 kg CO2e/m2, reportando así una importante mejora en la intensidad de emisiones desde los 39.5 kg CO2e/m2 en 2024 a 34.0 kg CO2e/m2 en 2025, para una exposición que creció de 26.2 a 27.8 mil millones de euros.",-,"pag 123
pag 367",
ING,RRE,F,"Dinámica muy positiva en el sector hipotecario, logrando reducir la intensidad de emisiones simultáneamente a un fuerte crecimiento del volumen financiado.","La intensidad de emisiones del sector hipotecario mejoró con respecto al año anterior, descendiendo de 37.5 kg CO2e/m2 en 2024 a 35.5 kg CO2e/m2 en 2025, en paralelo a un fuerte crecimiento del volumen de la cartera bajo medición, que pasó de 294.3 a 315.0 mil millones de euros.",pag 111,pag 113,
ING,Coal,F,"Cumplimiento estricto del plan de salida del carbón, reflejado en la amortización continuada de la financiación directa a plantas de generación eléctrica.","En línea con su compromiso de salida del carbón, la financiación a plantas individuales de generación a carbón (coal-fired power plants) ha continuado su senda de amortización, descendiendo de 77 millones de euros en 2024 a 63 millones de euros en 2025.",,,
ING,Coal,F,"Drástica reducción del riesgo de transición en la cartera, manteniendo a un único cliente por encima del umbral del 5% de actividad en carbón térmico.",En 2025 se identifica que queda un solo cliente por encima del umbral del 5% de actividad en carbón térmico (mantenido por mandato gubernamental en la UE para seguridad energética).,-,pag 114,
ING,Aluminium,M,Expansión del marco metodológico Terra para integrar la medición del sector aluminio,"El banco indica expresamente que ha comenzado a incorporar el sector del aluminio en el perímetro de su metodología Terra, por lo que sus planes de transición se encuentran actualmente en desarrollo y no se reportan objetivos ni valores numéricos consolidados de intensidad.",,,
ING,Agriculture,M,"Ampliación del mapa de riesgos climáticos al incorporar el sector lácteo, para el cual los objetivos de transición se encuentran en proceso de desarrollo.","Al igual que en el caso del aluminio, el banco menciona la actividad láctea (Dairy, segmento agrícola) como un nuevo perímetro cuyos planes de transición se encuentran todavía en fase de desarrollo.",,,
Standard Chartered,Oil&Gas,M,"El Informe 2025 cambia la metodología de emisiones a Alcance 3 upstream, ajustando el valor de 2024 y reportando 7,2 MtCO2e para 2025.","El Informe 2025 revela un cambio en el enfoque de aproximación (proxy) para determinar las emisiones del sector; ahora solo contabiliza las emisiones de Alcance 3 en actividades de producción upstream (incluyendo contrapartes diversificadas e integradas), basándose en mejoras en la calidad de los datos. Debido al cambio metodológico, el Informe 2025 redefine el valor de emisiones financiadas absolutas de 2024, pasando de 9,4 MtCO2e a 8,76 MtCO2e.",pag 85,pag 105,
Standard Chartered,Power,F,"La intensidad de emisiones del sector energético disminuyó de 0,43 a 0,39 tCO2/MWh entre 2024 y 2025 debido a la menor exposición al carbón y al aumento del financiamiento en energías renovables.","La intensidad descendió de 0,43 tCO2/MWh en el Informe 2024 a 0,39 tCO2/MWh en el Informe 2025. 
El banco atribuye esta mejora a la reducción de la exposición a la generación de energía con carbón térmico a medida que los balances vencen, y al aumento de la financiación de proyectos de energías renovables y gas de menor intensidad.",pag 80,"pag 100
pag 105",
Standard Chartered,Steel,F,"La intensidad de emisiones disminuyó de 1,87 a 1,75 tCO2/t debido a una mayor proporción de clientes que utilizan hornos de arco eléctrico con chatarra.","El Informe 2024 reportó 1,87 tCO2/t (datos 2023). El Informe 2025 reporta 1,75 tCO2/t (datos 2024). Esto se debe a un mayor peso en la cartera de clientes que utilizan chatarra (hornos de arco eléctrico) frente a los que usan mineral de hierro en altos hornos.",pag 82,pag 100,
Standard Chartered,Automotive,F,El nivel de emisiones reportado disminuyó de 157 gCO2/Vkm en el informe de 2024 a 145 gCO2/Vkm en el de 2025.,El Informe 2024 reportó 157 gCO2/Vkm (datos 2023). El Informe 2025 reporta 145 gCO2/Vkm (datos 2024). ,pag 82,pag 100,
Standard Chartered,Automotive,D,El Informe 2025 proyecta una desaceleración en la trayectoria de descarbonización a corto plazo debido a la flexibilización de políticas ambientales y la vigencia de los motores de combustión.,"El Informe 2025 señala ""vientos en contra"" por la suavización de las políticas de descarbonización y el reconocimiento de los fabricantes de que la producción de motores de combustión interna seguirá siendo significativa, lo que podría aplanar la trayectoria de descarbonización a corto plazo.",-,pag 103,
Standard Chartered,Cement,F,"La intensidad de emisiones disminuyó de 0,62 a 0,60 tCO2/t debido a la optimización energética en las plantas de los clientes financiados y al mayor uso de sustitutos del clínker.","El Informe 2024 reportó 0,62 tCO2/t (datos 2023). El Informe 2025 reporta una disminución a 0,60 tCO2/t (datos 2024). Se debe al aumento de préstamos a clientes con menores intensidades de producción gracias a mejoras en la eficiencia energética de sus plantas y al mayor uso de sustitutos del clínker.",pag 80,pag 102,
Standard Chartered,Aviation,F,"La intensidad de emisiones se redujo a 771 gCO2e/RTK en 2025, logrando situarse por debajo de la meta establecida para 2030.","La intensidad descendió de 782 gCO2e/RTK en el Informe 2024 a 771 gCO2e/RTK en el Informe 2025, situándose por debajo del objetivo 2030 (773).",pag 82,pag 103,
Standard Chartered,Aviation,F,"El Informe 2025 presenta por primera vez el desglose de las emisiones de Alcance 1, 2 y 3 para el sector.","El Informe 2025 desagrega por primera vez las emisiones de Alcance 1 y 2 (1,0 MtCO2e) y Alcance 3 (0,2 MtCO2e) del sector.",-,pag 101,
Standard Chartered,Shipping,F,"El diferencial de alineación mostró una mejora sustancial al pasar del +3,2% en 2024 al -0,9% en 2025.","El alignment delta experimentó una mejora significativa, pasando del +3,2 % reportado en el informe de 2024 al -0,9 % en el de 2025. Esto sitúa la métrica muy cerca del objetivo de valor cero fijado para 2030.",pag 80,"pag 98,104",
Standard Chartered,Shipping,M,"El Informe 2025 detalla por primera vez las emisiones de Alcance 1, 2 y 3 del sector marítimo, sumando un total de 3,0 MtCO2e.","El Informe 2025 desagrega y reporta por primera vez las emisiones de Alcance 1, 2 y 3 para el sector marítimo (Scope 1, 2: 0,5 MtCO2e; Scope 3: 2,5 MtCO2e). ",-,pag 99,
Standard Chartered,CRE,F,La intensidad de emisiones se redujo entre los informes de 2024 y 2025.,La intensidad bajó de 58 kgCO2e/m^2 en el Informe 2024 a 53 kgCO2e/m^2 en el Informe 2025. ,pag 82,pag 100,
Standard Chartered,CRE,F,El Informe 2025 reporta un ajuste en la cartera para favorecer ubicaciones europeas de baja intensidad eléctrica frente a los mercados de la ASEAN.,"El Informe 2025 menciona un cambio en la mezcla de ubicaciones de la cartera, con mayor exposición a edificios en países europeos (con redes eléctricas de menor intensidad) y menor peso en mercados de la ASEAN con intensidades más altas.",-,pag 104,
Standard Chartered,RRE,F,"Las emisiones disminuyeron de 36,0 a 34,2 kgCO2e/m^2 debido a la descarbonización de las redes eléctricas en mercados asiáticos clave.","El Informe 2024 reportó 36,0 kgCO2e/m^2. El Informe 2025 reporta 34,2 kgCO2e/m^2. Refleja el inicio de la descarbonización de las redes eléctricas en Hong Kong, Corea del Sur, Singapur y Taiwán.",pag 82,"pag 100
pag 107",
Standard Chartered,Coal,F,"Se registró una reducción en las emisiones absolutas, las cuales pasaron de 1,2 MtCO2e en el informe de 2024 a 1,1 MtCO2e en el de 2025.","Las emisiones absolutas bajaron de 1,2 MtCO2e en el Informe 2024 a 1,1 MtCO2e en el Informe 2025.  ",pag 82,pag 100,
Standard Chartered,Aluminium,D,"Se registró un incremento del 105% en la intensidad de emisiones (6,75 tCO2e/t) debido a préstamos a corto plazo otorgados a productores de aluminio con altos niveles de emisión.","El Informe 2024 reportó 3,28 tCO2e/t. El Informe 2025 reporta un incremento drástico del 105%, alcanzando los 6,75 tCO2e/t.El banco explica que este aumento se debió principalmente a un incremento en los préstamos a corto plazo a productores primarios de aluminio con altas intensidades de emisión, los cuales vencen en 2025. ",pag 82,pag102,
Standard Chartered,Agriculture,M,El ITR de la cartera se revisó al alza debido a una actualización en la metodología de puntuación de CDP.,"El Informe 2025 revisó el Implied Temperature Rise (ITR) de la cartera debido a una actualización de la metodología de CDP en las puntuaciones de temperatura por defecto, que subieron de 3,1°C a 3,4°C",-,pag 102,
Standard Chartered,Agriculture,D,"El Informe 2025 ajusta la línea base de 2023 a 2,96°C e incrementa el rango objetivo para 2030 a 2,4-2,6°C tras la revisión de CDP.","Debido a la revisión de CDP, el Informe 2025 redefine la línea base de 2023 de 2,72°C a 2,96°C, y eleva el rango objetivo para 2030 de 2,2-2,4°C (en Informe 2024) a 2,4-2,6°C",pag 84,pag 102,
Standard Chartered,Agriculture,F,"El Informe 2025 registra un ITR de 2,33°C, lo que representa una disminución del 21% en comparación con la nueva línea base establecida.","El Informe 2025 reporta un ITR actual de 2,33°C (datos 2024), una reducción del 21% respecto a la nueva línea base.",-,pag 102,
Citi,Oil&Gas,M,"El Informe 2024 integra emisiones financiadas y facilitadas, lo que provocó el recálculo de la línea base y los objetivos para 2030, reflejando una evolución en las emisiones totales pese al aumento de actividad en mercados de capitales.","En el Informe 2024, el objetivo ahora integra emisiones financiadas y facilitadas combinadas. La línea base se recalculó de 143.8 M mt CO2e (Informe 2023) a 168 M mt CO2e (Informe 2024) por inclusión de emisiones facilitadas en el cálculo del objetivo. El objetivo 2030 pasa de 102.1 M mt CO2e (Informe 2023) a 119.3 M mt CO2e (Informe 2024).
Además, se percibe una evolución 89.3 M mt CO2e en el año 2022 (Informe 2023) a 91.1 M mt CO2e en el año 2024 (Informe 2024) debido a una reducción absoluta por cambios en financiación y consolidación del sector, que compensaron el aumento de actividad en mercados de capitales.",pag 51,pag 35,
Citi,Power,F,"El Informe 2024 integra emisiones facilitadas en su métrica de intensidad física, la cual disminuyó a 246.5 kg CO2e/MWh debido a la mejora en el desempeño de los clientes.","El Informe 2024 incorpora las emisiones facilitadas en la métrica de intensidad física. El Informe 2023 había actualizado la metodología añadiendo financiación de ""tax equity"" y factores de la IEA para cubrir un 7% de brecha de datos en la cartera. La intensidad se redujo de 280.2 kg CO2e/MWh (Informe 2023) a 246.5 kg CO2e/MWh (Informe 2024), atribuido a la disminución de las intensidades de emisiones de los clientes.",pag 20,pag 17,
Citi,Steel,D,La puntuación de alineación disminuyó debido a ajustes en la financiación de la cartera entre 2023 y 2024.,La puntuación de alineación empeoró de 0.02 (Informe 2023) a 0.4 (Informe 2024) por cambios en la financiación de la cartera.,,,
Citi,Automotive,D,"Se incorporan emisiones facilitadas en el Informe 2024, resultando en un aumento de la intensidad física de 173 a 211 g CO2e/km debido a variaciones en la exposición de la cartera.",Se incluyen emisiones facilitadas en el Informe 2024 para la métrica de intensidad física. La intensidad se incrementó bruscamente de 173 g CO2e/km (Informe 2023) a 211 g CO2e/km (Informe 2024) por cambios en la exposición de la cartera.,,,
Citi,CRE,F,"La intensidad de emisiones disminuyó de 48 a 36.6 kg CO2e/m^2 gracias a la eficiencia energética y la descarbonización en EE. UU., ampliándose el alcance del informe a los centros de datos.","La intensidad mejoró de 48 kg CO2e/m^2 (Informe 2023) a 36.6 kg CO2e/m^2 (Informe 2024) debido a una mayor eficiencia energética y descarbonización de la red eléctrica en EE. UU.
El Informe 2024 identifica los centros de datos como nuevo tipo de activo a evaluar frente a trayectorias de descarbonización específicas, lo que amplia el perímetro.",,,
Citi,Coal,F,Reducción de la exposición financiera y de las emisiones de carbono en el sector debido a la implementación de la política ESRM.,La exposición disminuyó de $348 millones (Informe 2023) a $327 millones (Informe 2024). Las emisiones cayeron de 4 M mt CO2e (Informe 2023) a 0.97 M mt CO2e (Informe 2024) por aplicación de la política ESRM para reducir exposición al sector.,,,
Citi,Aluminium,M,"Se añadieron los sectores de aluminio, aviación, cemento y transporte marítimo durante el año 2024.","Nuevos sectores incorporados en 2024: Aluminium, Aviation, Cement y Shipping.",,,
Citi,Aviation,F,"Incorporación de un nuevo sector en 2024 junto a las industrias de aluminio, cemento y transporte marítimo.","Nuevo sector incorporado en 2024 junto a Aluminium, Cement y Shipping.",,,
Citi,Cement,F,"Se integró un nuevo sector en 2024 junto con los de aluminio, aviación y transporte marítimo.","Nuevo sector incorporado en 2024 junto a Aluminium, Aviation y Shipping.",pag 51,pag 35,
Citi,Shipping,F,"Citi incorporó un nuevo sector en 2024, sumándose a las industrias de aluminio, aviación y cemento.","Nuevo sector incorporado en 2024 junto a Aluminium, Aviation y Cement.",pag 51,pag 35,
Societe Generale,Oil&Gas,M,Ajuste metodológico en la línea base de emisiones absolutas,"Debido a un cambio de proveedor de datos y correcciones en los datos de clientes, la línea base de 2019 de emisiones absolutas y el objetivo a 2030 se han ajustado (la línea base pasó de 29,6 MtCO2eq en el informe 2025 a 24,8 MtCO2eq en el informe 2026 y el valor objetivo de2030 pasó de 8,9 MtCO2eq a 7,5MtCO2eq), aunque el porcentaje de reducción objetivo se mantiene en el -70%.",pag 306,pag 307,
Societe Generale,Power,F,Cumplimiento anticipado del objetivo de intensidad a 2030,"El indicador de intensidad de emisiones registró una fuerte caída, pasando de 114 gCO2/kWh en el Q2 de 2024 a 85 gCO2/kWh en el Q3 de 2025, superando ampliamente y con antelación el objetivo fijado para 2030 de 125 gCO2/kWh.",pag 306,"pag 307,404",
Societe Generale,Steel,D,Retroceso en el nivel de alineación de la cartera,"La puntuación de alineación de la cartera empeoró significativamente, pasando de -0,61 en el Q2 de 2024 (alineado) a +0,16 en el Q3 de 2025 (no alineado), alejándose del objetivo de 0 para 2030 debido a un contexto europeo menos favorable para los proyectos de acero verde.",pag 306,"pag 308,404",
Societe Generale,Automotive,N,Sin cambios significativos,Se mantiene el objetivo de reducción de intensidad de emisiones del 51% para 2030 respecto a 2021 sin modificaciones metodológicas ni desviaciones bruscas en su progreso.,pag 306,pag 404,
Societe Generale,Cement,N,Sin cambios significativos,No se reportan variaciones metodológicas ni cambios significativos en los objetivos de reducción de intensidad de emisiones (-20% para 2030 frente a 2022) entre ambos informes.,pag 306,"pag 307,404",
Societe Generale,Aviation,N,Sin cambios significativos,"El objetivo de reducción de la intensidad de emisiones se mantiene en un 18% para 2030 respecto a 2019, con una evolución normal del indicador que alcanzó una reducción del 14% en el Q3 de 2025.",pag 307,pag 404,
Societe Generale,Aluminium,M,Aumento aparente de intensidad por cambio de proveedor de datos,"La intensidad de emisiones de la cartera reportada aumentó de 6,9 tCO2/t en el Q2 de 2024 a 7,6 tCO2/t en el Q3 de 2025, un incremento que el banco atribuye principalmente a un cambio de proveedor de datos destinado a mejorar la calidad de la información.",pag 306,"pag 308,404",
Societe Generale,Shipping,F,Cumplimiento anticipado del objetivo de alineación a 2030,"La puntuación de alineación (Poseidon Principles) mejoró drásticamente pasando de +16,7% en 2023 a +7,9% a finales de 2024, superando con gran antelación el objetivo del +15% fijado para 2030.",pag 307,"pag 307,404",
Societe Generale,CRE,N,Sin cambios significativos,"Se confirma el objetivo de reducir la intensidad de emisiones de carbono en un 63% para 2030 respecto a los niveles de 2022, sin variaciones metodológicas ni reportes de cambios bruscos.",pag 307,pag 404,
Societe Generale,RRE,N,No reportado en ningún informe,El banco no reporta objetivos ni métricas de descarbonización específicos para este sector en ninguno de los dos informes analizados.,-,-,
Societe Generale,Coal,F/M,Endurecimiento de la política sectorial y clarificación de exenciones,"En marzo de 2025, la política sectorial de carbón térmico fue modificada para ampliar la definición de ""desarrolladores de carbón"", endurecer los umbrales de exclusión para productores de energía sin compromisos de abandono, y aclarar las exenciones otorgadas a operaciones de transición energética.",pag 310,pag 322,
Societe Generale,Agriculture,N,Sin cambios significativos,"Las políticas contra la deforestación implementadas en octubre de 2024 ya fueron recogidas en el informe de 2024, sin que se reporten nuevas variaciones ni objetivos cuantitativos de descarbonización en el informe de 2025.",pag 320,pag 375,
HSBC,Oil&Gas,M,"HSBC ajustó sus metas de reducción de emisiones para 2030, actualizó la línea base de 2019 .","El objetivo de reducción absoluta de emisiones para 2030 ha pasado de una meta fija del -34% a un rango objetivo del -14% al -30%, basado ahora en los escenarios APS y NZE 2024 de la IEA en sustitución del NZE 2021. El valor de la línea base (2019) se ha recalculado de 42,6 Mt CO2e a 46,2 Mt CO2e, un incremento del 8% por la inclusión de préstamos a corto plazo  una mejor identificación de la financiación de proyectos.
Las emisiones financiadas reportadas han pasado de 23,2 Mt CO2e en el informe anual 2024 a 28,9 Mt CO2e en el informe anual 2025, para el año 2023.",pag 52,pag 42,
HSBC,Power,M,"El banco actualizó su año base a 2023, renovó sus escenarios climáticos e integró el financiamiento sostenible, ajustando sus metas de intensidad de emisiones para 2030.","El banco ha actualizado el año base de 2019 con una intensidad de 513.4 tCO2e/GWh a 2023 con 295 tCO2e/GWh para reflejar mejoras en la disponibilidad de datos y metodologías. 
El banco ha sustituido el escenario IEA NZE 2021 por los escenarios IEA NZE y APS 2024.
El banco ha incorporado la consideración del financiamiento ""use of proceeds"" y el financiamiento para clientes puramente ""verdes"", lo que ha impulsado recálculos en este sector.
El objetivo de intensidad para 2030 cambió de una meta fija de 138 tCO2e/GWh a un rango de 195-270 tCO2e/GWh.",pag 52,pag 42,
HSBC,Steel,M,"El sector del aluminio se segregó del grupo, actualizándose el año de referencia a 2023 y ajustando los objetivos de intensidad de emisiones para 2030.","El sector de aluminio ha sido segregado del grupo, pasando de ""Iron, steel and aluminium"" exclusivamente a ""Iron and steel"" por su baja materialidad. El año de referencia se trasladó de 2019 a 2023, con una base ajustada de 1,73 tCO2e/t acero. El objetivo de intensidad para 2030 cambió de 1,05 tCO2e/t metal a un rango de 1,29-1,52 tCO2e/t acero.",pag 56,pag 46,
HSBC,Automotive,M,"Se actualizó el año base a 2023 y se ajustó el objetivo de intensidad para 2030, sustituyendo la meta fija por un rango de valores.","El año base se actualizó de 2019 a 2023 con un valor de 152,8 tCO2e/mill vkm. El objetivo de intensidad para 2030 pasó de una meta fija de 66 tCO2e/mill vkm a un rango de 65,5-95,3 tCO2e/mill vkm.",pag 54,pag 47,
HSBC,Cement,M,Transición a un rango objetivo menos exigente y modificación del año base.,"El objetivo puntual de 0.46 tCO2e/t de cemento se transformó en un rango de 0.47-0.56 tCO2e/t para 2030, estableciendo 2023 como el nuevo año base con 0.59 tCO2e/t y registrando un ligero aumento de intensidad en 2024 hasta 0.61 tCO2e/t.",pag 52,pag 42,
HSBC,Shipping,N,No reportan este sector,"En ninguno de los informes se reporta el sector ""Shipping"".",-,-,
HSBC,Aluminium,D/M,Se ha eliminado el sector del aluminio del marco de objetivos de alineación debido a su baja representatividad en el balance.,"El sector aluminio ha sido eliminado del marco de objetivos de alineación por su escaso peso en el balance. Anteriormente formaba parte del grupo ""Iron, steel and aluminium"".",pag 54,pag 44,
HSBC,Coal,M,Se recalculó el año base 2020 a 3.4 Mt CO2e y se registró una reducción del 94% en emisiones financiadas hacia 2024 debido a menor actividad crediticia.,"El valor de emisiones de referencia para el año base 2020 se ha recalculado de 4.7 Mt CO2e a 3.4 Mt CO2e debido a una refinación en el alcance y en el marco de exclusiones.
El nivel de emisiones financiadas experimentó una reducción drástica de 1.44 Mt CO2e correspondientes al cierre de 2022 a 0.22 Mt CO2e en 2024, logrando un 94% de caída frente al nuevo año base a causa de la menor financiación de proyectos específicos y bajos niveles de disposición de préstamos.",pag 52,pag 42,
HSBC,CRE,S,La información solicitada no se encuentra disponible en los registros actuales.,No reportado en ningún informe.,,,
HSBC,RRE,S,La información no se encuentra disponible en los informes consultados.,No reportado en ningún informe.,,,
HSBC,Agriculture,S,La información no se encuentra disponible en los informes consultados.,No reportado en ningún informe.,,,
NatWest,Oil&Gas,M/F,Se ha reajustado el año baseline y el target 2030,"Se han introducido cambios sustanciales en la gestión climática del sector de petróleo y gas. En primer lugar, se ha establecido un nuevo objetivo para 2030: reducir en un 13 % la intensidad de las emisiones físicas de las actividades de financiación de producción. Este cambio viene acompañado de una actualización en la métrica, estableciendo el 2023 como nuevo año base con un valor de 69,8 tCO₂e/TJ (frente al informe de 2024, que fijaba la base en 2019 con 4,1 tCO₂e/TJ y un objetivo de reducción del 76 %).

A nivel estructural, las posiciones de este sector se han agrupado junto a la generación eléctrica y el carbón bajo el marco «E&S Energy Supply Sectors RAC». Asimismo, se ha ampliado el alcance del reporte de emisiones financiadas de Alcance 3 (Scope 3), pasando de cubrir solo a los clientes upstream a abarcar la totalidad del sector. Por último, se ha creado un nuevo foro de supervisión obligatorio para todas las financiaciones superiores a 50 millones de libras, centrado en evaluar minuciosamente las calificaciones ESG y la planificación de la transición de los clientes",pag 26,"pag 25, 29, 36",
NatWest,Power,M,"La metodología de reporte transitó hacia objetivos basados en la actividad a nivel de cartera, integrando el sector energético en el nuevo marco E&S Energy Supply Sectors RAC.","La metodología de reporte ha evolucionado de objetivos basados únicamente en el sector a ""objetivos basados en la actividad a nivel de cartera"", advirtiendo el informe que los gráficos actuales no deben compararse directamente con los del año anterior. El sector se ha integrado dentro del nuevo marco ""E&S Energy Supply Sectors RAC"".",pag 22,"pag 29
pag 25",
NatWest,Steel,D,NatWest retiró sus objetivos climáticos para hierro y acero validados por SBTi en favor de un marco metodológico propio.,"NatWest contaba con objetivos validados por SBTi para hierro y acero con emisiones de 0,1 MtCO2e, los cuales han desaparecido en la actualización de objetivos de 2025. El banco ha retirado sus objetivos validados por SBTi, optando por un marco de diseño propio no validado por dicha iniciativa.",pag 25,"pag 6, 24",
NatWest,Automotive,M,El transporte por carretera se reclasificó en el pilar de Movilidad y la intensidad de emisiones de fabricación disminuyó en 2024.,"El transporte por carretera se ha reclasificado bajo el pilar estratégico de ""Movilidad"" (Mobility), con un enfoque renovado en el apoyo a la electrificación de flotas de clientes. La intensidad de las emisiones de fabricación descendió de 230,5 gCO2e/v-km en 2023 a 185,9 gCO2e/v-km en 2024.",pag 35,pag 18,
NatWest,Cement,D,"El banco excluyó el sector del cemento, previamente validado por SBTi, de su nuevo marco de objetivos por actividad.","El banco reportaba objetivos validados por SBTi para el cemento con emisiones de 0,03 MtCO2e, pero este sector fue excluido del nuevo marco de objetivos por actividad.",pag 25,pag 6,
NatWest,Aviation,F,"El banco estableció un nuevo objetivo de reducción del 19% para 2030 en el sector de aviación, partiendo de una base de 2023.","El banco no disponía de objetivos para aviación en 2024 e incorporó un objetivo de reducción del 19% para 2030 con base 2023 para operadores y arrendadores de aeronaves. La intensidad física reportada es de 907,6 tCO2e/Mn RTK.",pag 42,pag 24,
NatWest,Aluminium,M,El banco eliminó el sector de su reporte de objetivos por actividad e integró la meta de aluminio en el cuadro de mando de industrias difíciles de descarbonizar.,"El banco reportaba emisiones de 0,002 MtCO2e con objetivos validados por SBTi, pero el sector ha sido eliminado del reporte de objetivos por actividad. El objetivo para el aluminio se ha integrado dentro del cuadro de mando de ""Hard-to-Abate Industries""cuando anteriormente se reportaba como una métrica de monitoreo independiente.",pag 25,pag 6,
NatWest,Shipping,F,El banco implementó el reporte del Annual Efficiency Ratio para buques y se adhirió a la trayectoria de descarbonización de la OMI con un objetivo de alineación para 2030.,"Se ha introducido por primera vez el reporte de la métrica de ""Annual Efficiency Ratio"" (AER) para la cartera de financiación de buques, sustituyendo el seguimiento cualitativo del año anterior. El banco ha formalizado su adhesión a la trayectoria de descarbonización reforzada de la Organización Marítima Internacional (OMI) de 2023, estableciendo un objetivo de alineación de cartera para 2030.",pag 35,pag 27,
NatWest,CRE,F,"Se amplió la cobertura de la cartera de CRE a logística y almacenamiento, logrando una reducción en la intensidad de emisiones a 29 kgCO2e/m2 e incorporando objetivos de certificación energética.","La cobertura de la cartera de CRE se ha ampliado para incluir activos de logística y almacenamiento, aumentando el volumen total de activos bajo medición en un 12%. La intensidad de emisiones ha pasado de 32 kgCO2e/m2 a 29 kgCO2e/m2 por la mejora de la red eléctrica y la rotación hacia edificios más eficientes.
El objetivo ha evolucionado de una medición basada exclusivamente en la intensidad de carbono operativa a un objetivo dual que incluye el porcentaje de activos con certificados de eficiencia energética (EPC) de grado A a C.
",pag 28,pag 24,
NatWest,RRE,F,El banco actualizó su meta de reducción de emisiones para 2030 y registró un incremento en la proporción de hipotecas con certificación energética eficiente.,"El banco sustituyó su objetivo de reducción del 49% para 2030 con base 2019 por un objetivo del 26% para 2030 con base 2023. El porcentaje de hipotecas con EPC C o superior aumentó del 46,3% al 48,8% en 2025.",pag 25,pag 24,
NatWest,Coal,F,"Se completó la salida de clientes de carbón en el Reino Unido en octubre de 2024, manteniendo el objetivo de salida global para 2030","Se ha completado el compromiso de salida de clientes con producción de carbón en el Reino Unido, infraestructuras relacionadas y generación térmica con fecha límite 1 de octubre de 2024, manteniendo el objetivo de salida global total para 2030.",pag 30,pag 11,
NatWest,Agriculture,F,"El sector agrícola prioriza ahora el potencial de descarbonización, estableciendo una meta de reducción del 9% para 2030 con base en 2023.","El enfoque en agricultura ha pasado de una medición general de emisiones a una priorización de ""potencial de descarbonización e impacto"".
El objetivo de reducción para 2030 se ha fijado en un 9% con base 2023, eliminando el objetivo previo del 26% con base 2019. ",pag 25,pag 24,
Barclays,Oil&Gas,D,La reducción de emisiones absolutas empeoró del -45% al -41% debido al mayor uso de crédito por clientes y la volatilidad del valor de empresa.,"La reducción acumulada de emisiones absolutas frente al año base ha empeorado, pasando de un -45% con 41,1 MtCO2e a un -41% con 43,7 MtCO2e, incremento atribuido a una mayor utilización de líneas de crédito por parte de los clientes y a la volatilidad del valor de empresa (EVIC) en el cálculo.",pag 84,pag 89,
Barclays,Power,M,El banco unificó su metodología bajo el escenario IEA NZE 2050 y actualizó la intensidad física del año base de 311 a 316 kgCO2e/MWh.,"El banco ha eliminado el escenario IEA SDS utilizado previamente, manteniendo únicamente el escenario IEA NZE 2050 para este sector. La intensidad física del año base (2020) se ha recalculado de 311 kgCO2e/MWh a 316 kgCO2e/MWh.",pag 84,pag 89,
Barclays,Steel,S,No se reportan modificaciones relevantes en el contenido analizado.,Sin cambios significativos.,pag 84,pag 89,
Barclays,Automotive,S,No se reportan modificaciones relevantes en el contenido analizado.,Sin cambios significativos.,pag 84,pag 89,
Barclays,Cement,D,"Las emisiones financiadas del sector aumentaron de 0,8 a 1,5 MtCO2e por la incorporación de un nuevo cliente y la alta sensibilidad de la pequeña cartera a variaciones crediticias.","Las emisiones absolutas financiadas del sector casi se han duplicado, subiendo de 0,8 MtCO2e a 1,5 MtCO2e, debido a la inclusión de un nuevo cliente y al impacto desproporcionado que cualquier variación crediticia tiene en una cartera compuesta por muy pocos clientes.",pag 84,pag 89,
Barclays,Aviation,S,No se registran variaciones de relevancia en el contenido.,Sin cambios significativos.,pag 84,pag 89,
Barclays,Aluminium,S,Indica que no se han producido modificaciones de relevancia en el periodo o categoría correspondiente.,Sin cambios significativos.,pag 84,pag 89,
Barclays,Shipping,S,No se reportan modificaciones de relevancia en la información proporcionada.,Sin cambios significativos.,pag 84,pag 89,
Barclays,CRE,D,Se ha realizado un ajuste a la baja en la intensidad física de emisiones del año base 2023.,"La intensidad física del año base (2023) se ha recalculado a la baja, pasando de 30,0 kgCO2e/m2 a 26,3 kgCO2e/m2.",pag 85,pag 91,
Barclays,RRE,M,Se redujo la intensidad física del año base 2023 para la cartera hipotecaria del Reino Unido debido a una mejora en la calidad de los datos y una revisión metodológica.,"La intensidad física del año base (2023) para la cartera hipotecaria del Reino Unido se ha reducido tras una revisión metodológica de 32,1 kgCO2e/m2 a 27,9 kgCO2e/m2, por mejora en la calidad de los datos.",pag 85,pag 91,
Barclays,Coal,S,La información solicitada no se encuentra disponible en los registros actuales.,No reportado en ningún informe.,,,
Barclays,Agriculture,S,No se presentan cambios significativos en el documento analizado.,Sin cambios significativos.,,,
Sabadell,Oil&Gas,D,"Las emisiones absolutas aumentaron a 5.277 Kt CO2e debido a nuevas disposiciones de crédito, aunque se mantienen dentro de los límites establecidos.","Las emisiones absolutas han sufrido un repunte hasta los 5.277 Kt CO2e, rompiendo la tendencia de descenso del año previo (4.820 Kt CO2e), un incremento que el banco justifica por nuevas disposiciones de crédito en empresas del sector, aunque recalca que se mantienen por debajo de la senda límite.",pag 168,pag 168 y 170,
Sabadell,Power,F,"La intensidad de carbono disminuyó a 40 Kg CO2e/MWh, superando el objetivo de 2030 gracias al impulso de renovables y mejoras en la cartera corporativa.","La intensidad física ha caído bruscamente hasta los 40 Kg CO2e/MWh, rebasando por debajo el rango objetivo de 45-85 establecido para 2030, una aceleración que el banco explica por la fuerte contribución de los project finance de energías renovables, la mejora en la intensidad de los clientes corporativos y los vencimientos/amortizaciones naturales de la cartera, frente a los 63 Kg CO2e/MWh reportados el año anterior.",pag 168,pag 168,
Sabadell,Steel,S,No se reportaron modificaciones de relevancia en el periodo.,Sin cambios significativos.,pag 168,pag 168,
Sabadell,Automotive,F,La intensidad física disminuyó de 220 a 183 gCO2e/vkm debido a una mayor exposición crediticia en empresas alineadas con los objetivos de descarbonización para 2030.,"La intensidad física ha registrado una caída pronunciada al pasar de los 220 gCO2e/vkm a los 183 gCO2e/vkm, una mejora sustancial que la entidad atribuye a la subida de exposición crediticia en grupos empresariales cuyas intensidades ya están alineadas con la senda de descarbonización a 2030.",pag 168,pag 168 y 172,
Sabadell,Cement,S,No se reportaron modificaciones de relevancia en el periodo indicado.,Sin cambios significativos.,pag 168,pag 168,
Sabadell,Aviation,S,No se registraron modificaciones de relevancia en el periodo informado.,Sin cambios significativos.,pag 168,pag 168,
Sabadell,Aluminium,D,"La intensidad física aumentó un 9,8% debido a cambios en la composición de la cartera de clientes, superando los niveles del año base.","La intensidad física ha sufrido un incremento atípico del 9,8%, elevándose hasta los 708 Kg CO2e/tn frente a los 645 Kg CO2e/tn del año base, desvío que el banco justifica por cambios en la composición de una cartera de clientes muy concentrada, tratándose de una métrica de seguimiento que no figuraba detallada en el informe previo.",pag 166,pag 168 y 174,
Sabadell,Shipping,M,La métrica Alignment Delta aumentó al +28% debido a un desfase temporal por el uso de datos de buques de 2023 para las estimaciones de 2024.,"La métrica de alineación Alignment Delta ha registrado un empeoramiento al subir hasta un +28% en comparación con el +25% del año base, una desviación al alza que el banco explica por un desfase temporal en los datos al no disponer de cifras de buques actualizadas para 2024 ya que para estimar el delta de 2024 se tuvieron que utilizar datos de buques de 2023.",pag 166,pag 168 y 175,
Sabadell,Coal,D,"El riesgo dispuesto se incrementó a 1,7 millones de euros debido a variaciones en una línea de factoring con vencimiento anterior a 2030.","El riesgo dispuesto ha sufrido un repunte brusco alcanzando 1,7 millones de euros, lo que contrasta fuertemente con la reducción hasta 0,1 millones del año anterior, justificado por las fluctuaciones en la disposición de una línea de factoring que vence antes de 2030.",pag 168,pag 168 y 171,
Sabadell,Agriculture,S,No se identifican variaciones de importancia en la información analizada.,Sin cambios significativos.,pag 168,pag 168,
Intesa Sanpaolo,Oil&Gas,F,El banco actualizó su benchmark al IEA Dataset 2025 y redujo su exposición y emisiones financiadas mediante la gestión de cartera.,"El banco ha actualizado su benchmark del IEA Net Zero by 2050 Scenario de 2021 a la versión IEA Dataset de 2025. La exposición dispuesta se redujo de 3.600 millones de euros a 3.100 millones de euros, lo que contribuyó a una reducción de las emisiones financiadas absolutas de 12.6 Mt CO2e a 10.9 Mt CO2e, apoyado por acciones efectivas de gestión de cartera.",,,
Intesa Sanpaolo,Power,M,Actualización del escenario IEA Net Zero Scenario Benchmark de la versión 2023 a la de 2025.,El banco ha sustituido el escenario IEA Net Zero Scenario Benchmark de la versión 2023 por la versión actualizada IEA Net Zero Scenario Benchmark de 2025.,,,
Intesa Sanpaolo,Steel,M,"El banco actualizó su escenario base de la IEA a la versión 2025, implementó un nuevo enfoque de financiación específica para el sector del hierro y el acero, y registró un incremento en su intensidad física de emisiones.","El banco actualizó su escenario base del IEA Dataset de 2024 a la versión de 2025, la cual presenta una trayectoria menos ambiciosa reflejando un despliegue tecnológico más lento en el sector.
En 2025, el banco introdujo un nuevo enfoque de financiación dedicada para el sector del hierro y el acero, contabilizando de manera distinta estas transacciones específicas en comparación con los préstamos corporativos generales.
La intensidad física aumentó de 0.82 tCO2/t de acero en 2024 a 0.90 tCO2/t en 2025 por la volatilidad propia de una industria difícil de abatir.",,,
Intesa Sanpaolo,Automotive,D,"Actualización del escenario de evaluación al IEA Dataset 2025 e incremento de la exposición dispuesta, resultando en un aumento de las emisiones financiadas absolutas de 1.0 a 1.1 Mt CO2e.","El escenario de evaluación se actualizó del IEA Dataset versión 2024 al IEA Dataset versión 2025. La exposición dispuesta aumentó de 1.300 millones de euros a 1.800 millones de euros, lo que elevó las emisiones financiadas absolutas de 1.0 Mt CO2e a 1.1 Mt CO2e.",,,
Intesa Sanpaolo,Cement,M​,Actualización del benchmark al IEA Dataset 2025 y reducción del 50% en las emisiones absolutas debido a fluctuaciones en la exposición con contrapartes.,"El benchmark utilizado se ha actualizado del IEA Net Zero de la versión 2023 al IEA Dataset de 2025. Las emisiones absolutas cayeron a la mitad, pasando de 0.6 Mt CO2e a 0.3 Mt CO2e por fluctuaciones en la exposición dispuesta entre contrapartes.",,,
Intesa Sanpaolo,Coal,F,"El banco completó en 2025 su salida del sector del carbón, reduciendo sus emisiones absolutas a cero y manteniendo únicamente una exposición residual mínima.","El banco confirmó haber alcanzado en 2025 su objetivo de eliminación (""phase-out"") de exposiciones al sector del carbón, reduciendo sus emisiones absolutas de 0.1 Mt CO2e en 2024 a 0.0 Mt CO2e en 2025 , manteniendo únicamente una cantidad marginal de 10 millones de euros atribuible a una exposición dudosa. ",,,
Intesa Sanpaolo,Aluminium,F,"Se registró una reducción significativa en la intensidad física y las emisiones absolutas de CO2e, impulsada por una menor exposición financiera en el sector.","La intensidad física experimentó una gran caída de 4.38 tCO2e/t en 2024 a 3.03 tCO2e/t en 2025, a la vez que las emisiones absolutas pasaron de 0.4 a 0.1 Mt CO2e, traccionado por un notable recorte a la mitad en la exposición financiera del sector.",,,
Intesa Sanpaolo,Agriculture,D,"Se registró un incremento en las emisiones absolutas del sector agrícola, las cuales se elevaron de 0.7 a 0.9 Mt CO2e.","Las emisiones absolutas en agricultura subieron, pasando de 0.7 a 0.9 Mt CO2e.",,,
Intesa Sanpaolo,RRE,F,ISP ajustó su escenario de referencia a un enfoque basado en la composición de su cartera y registró una reducción en sus emisiones financiadas de 2.0 a 1.8 Mt CO2e.,"El escenario de referencia pasó de utilizar el modelo estándar ""CRREM v2 1.5°C reduction pathway for Italy (2024)"" en 2024 a un enfoque más ajustado denominado ""CRREM 1.5°C reduction pathway for Italy adjusted on ISP’s portfolio composition (v2 2024)"" en 2025.
Las emisiones financiadas absolutas cayeron de 2.0 Mt CO2e en 2024 a 1.8 Mt CO2e en 2025 , impulsado por una mayor proporción de propiedades con calificaciones de rendimiento energético más altas.",,,
Intesa Sanpaolo,CRE,S,No se identificaron modificaciones de relevancia en el periodo reportado.,Sin cambios significativos.,,,
Nordea,Oil&Gas,F,"El sector registró una reducción de emisiones del 99,6% debido a la reestructuración del portfolio y la finalización de relaciones comerciales en Europa.","Las emisiones absolutas reales del sector cayeron bruscamente de 0,7 MtCO2e a 0,01 MtCO2e, lo que representa una drástica reducción del 99,6% frente al año base por la reestructuración del portfolio y la salida de relaciones comerciales con varios clientes europeos.",pag 160,pag 132,
Nordea,Power,F,Reducción de emisiones absolutas de alcance 1 y 2 pese al crecimiento de la cartera crediticia.,"Las emisiones absolutas de alcance 1 y 2 experimentaron una caída significativa, pasando de 797.501 tCO2e a 361.603 tCO2e, a pesar de que el volumen de la cartera crediticia creció de 2.170 millones de euros a 2.429 millones de euros.",pag 164,pag 140,
Nordea,Steel,S,No se dispone de información reportada en los informes consultados.,No reportado en ningún informe.,,,
Nordea,Automotive,M,El banco ajustó al alza su intensidad de emisiones del año base 2022 debido a mejoras metodológicas y de datos.,"El banco ha recalculado el año base (2022) de intensidad de emisiones, pasando de 113 gCO2e/km  a 114 gCO2e/km por una evolución en la metodología y mejoras en la calidad de los datos.",pag 160,pag 132,
Nordea,Cement,S,La información no se encuentra consignada en ninguno de los informes consultados.,No reportado en ningún informe.,,,
Nordea,Aviation,S,Se indica la ausencia de información en la totalidad de los informes disponibles.,No reportado en ningún informe.,,,
Nordea,Aluminium,S,Indica que la información no ha sido incluida en los reportes disponibles.,No reportado en ningún informe.,,,
Nordea,Shipping,S,Reducción de la intensidad de emisiones sectoriales manteniendo el objetivo de disminución del 30% para 2030.,"La intensidad de emisiones reales del sector ha disminuido de 7,4 gCO2/dwt-nm a 7,0 gCO2/dwt-nm, manteniendo inalterado su objetivo de reducción del 30% para 2030.",pag 160,pag 132,
Nordea,CRE,M,La reducción significativa en la intensidad y volumen de emisiones reportadas se debe a mejoras metodológicas en la calidad de los datos de eficiencia energética.,"La intensidad de emisiones reportada se redujo a menos de la mitad, pasando de 28 kgCO2e/m2 a 13 kgCO2e/m2, y las emisiones absolutas cayeron de 420.212 tCO2e a 199.444 tCO2e, a pesar de que la exposición del portfolio aumentó. Esta inconsistencia se explica por mejoras metodológicas en la calidad de los datos de certificados de eficiencia energética (EPC).",pag 167,pag 143,
Nordea,RRE,M,La línea base de 2019 se ajustó a la baja debido a mejoras en la calidad de los datos y el uso de nuevas etiquetas de eficiencia energética.,"Se ha producido un ajuste significativo de la línea base de 2019, cuya intensidad disminuyó de 17,4 kgCO2e/m2 a 12,2 kgCO2e/m2 por actualizaciones masivas en la calidad de los datos y el uso de nueva información de etiquetas de eficiencia energética (EPC).",pag 160,pag 132,
Nordea,Coal,S,No se reportaron modificaciones de relevancia en el periodo.,Sin cambios significativos.,,,
Nordea,Agriculture,D,"Se recalcularon los datos de intensidad del año base 2021, lo que transformó la reducción previamente reportada en un incremento interanual del 1,4% respecto al valor ajustado.","La intensidad del año base de 2021 experimentó un recálculo drástico, cayendo de 758 tCO2e/EURm a 363 tCO2e/EURm. Este cambio ha provocado que el dato real de intensidad actual (368 tCO2e/EURm) muestre ahora un incremento interanual del 1,4% respecto al año base ajustado, en lugar de la reducción previamente reportada.",pag 160,pag 132,
Caixabank,Oil&Gas,F,Caída acelerada superando el objetivo a 2030,"Aunque el objetivo de reducción para 2030 se mantiene invariable, el informe de 2025 consolida una bajada de las emisiones absolutas hasta los 4,9 MtCO2e frente a los 5,6 MtCO2e publicados previamente en 2024, logrando superar ampliamente y con antelación el hito final de 6,99 MtCO2e debido a la volatilidad de la exposición dispuesta .",pag 245,pag 287,
Caixabank,Power,F/M,Discrepancia en dato histórico y superación anticipada del objetivo,"Se evidencia una alteración metodológica al cambiar el dato de 2022 de 116 kgCO2e/MWh (informe 2024) a 118 kgCO2e/MWh (informe 2025) , a la vez que se reporta una fuerte mejora al caer en 2025 hasta los 79 kgCO2e/MWh, superando así el objetivo final de 95 kgCO2e/MWh marcado para 2030",pag 243,"pag 283, 286",
Caixabank,Steel,N,Sin cambios significativos,"El sector mantiene su objetivo de reducción de entre un 10% y 20% para 2030 en ambos reportes, reflejando una evolución favorable de la métrica hacia los 991 kgCO2e/t en 2025 sin que se detecten discrepancias en los valores históricos previamente informados .",pag 248,pag 289,
Caixabank,Automotive,D/M,Discrepancia de reporte y retroceso severo de la métrica,"El documento de 2025 modifica retroactivamente el dato de 2023 a 148 gCO2/vkm en contraste con los 146 gCO2/vkm señalados en 2024, y reporta un grave empeoramiento en 2025 al escalar a 163,9 gCO2/vkm, superando incluso su año base debido al impacto de la flexibilización de los objetivos europeos del sector automovilístico",pag 246,"pag 283, 288",
Caixabank,Cement,N,Plan de monitorización del dector Cemento,"Ambos informes confirman de manera idéntica la decisión de no fijar objetivos de descarbonización para esta cartera por su baja materialidad, manteniéndola bajo un plan de monitorización estricto sin variaciones metodológicas ni numéricas significativas.",pag 256,pag 295,
Caixabank,Aviation,N,Sin cambios significativos,"Se sostiene el objetivo de reducción del 30% a 2030 y el alcance sobre aerolíneas en los dos ejercicios, evidenciando una senda de descarbonización favorable y consistente que no arroja cambios numéricos anómalos ni alteraciones en su año base .",pag 254,pag 293,
Caixabank,Shipping,N,Sin cambios significativos,"Las características del objetivo de convergencia al 0% para 2030 de la métrica Alignment Delta permanecen inalteradas entre los informes de 2024 y 2025, siguiendo los tiempos de publicación de los Principios de Poseidón sin inconsistencias advertidas.",pag 253,pag 294,
Caixabank,CRE,D,Empeoramiento de la métrica por actualización de datos proxy,"A pesar de que la meta a 2030 se conserva intacta, el informe de 2025 reporta un aumento de la intensidad hasta los 21 kgCO2e/m2 respecto a los 20,1 kgCO2e/m2 mostrados en 2024, superando su año base a causa de una actualización de los proxies utilizados que afecta negativamente al desempeño.",pag 250,pag 291,
Caixabank,RRE,N,Sin cambios significativos,"El enfoque de la métrica y el objetivo de reducción del 19% se consolidan en ambos informes sin discrepancias, reflejando una estabilización en 2025 tras el descenso logrado anteriormente gracias a la integración de certificados reales de eficiencia energética.",pag 252,pag 292,
Caixabank,Coal,N,Sin cambios significativos,"Se confirma el objetivo inamovible de salida total (phase-out) de la financiación al carbón térmico para 2030, y aunque se aprecian ligeras variaciones operativas en la exposición, no hay modificaciones metodológicas ni estratégicas respecto a 2024.",pag 249,pag 290,
Caixabank,Aluminium,N,"Sin cambios significativos, el sector Aluminio no tiene fijado un objetivo climático","Se ratifica en el reporte más reciente la estrategia estipulada en 2024 de posponer la fijación de un objetivo climático debido a que su exposición no alcanza el umbral de materialidad del 1%, continuando con el modelo de monitorización mensual sin alteraciones.",pag 256,pag 295,
Caixabank,Agriculture,N,"Sin cambios significativos, el sector Agricultura no tiene fijado un objetivo climático cuantitativo","En ambos documentos corporativos se renuncia a instaurar una métrica cuantitativa por la falta de madurez metodológica, optando por mantener sin variación su meta cualitativa enfocada en el aumento del conocimiento y diálogo sectorial.",pag 255,pag 295,
Deutsche Bank,Oil&Gas,F/M,Reducción de las emisiones financiadas absolutas e impacto por la exclusión de contingentes.,"Las emisiones financiadas de alcance 3 disminuyeron de las 19.2 MtCO2/y reportadas para 2024 en el informe 2024 a 17.6 MtCO2/y en el informe 2025, una reducción explicada principalmente por la gestión activa del portafolio y por la exclusión de los compromisos de emisión de contingentes del perímetro, lo que redujo el dato restado de 2024 en 1.6 MtCO2/y.","pag 270,271","pag 290,291,293",
Deutsche Bank,Power,F/M,"Recalibración a la baja del año base, objetivos 2030 e intensidades debido a mejoras metodológicas.","La intensidad de emisiones del sector disminuyó notablemente de los 312 kgCO2e/MWh reportados para el cierre de 2024 en el informe 2024 a 195 kgCO2e/MWh en el informe 2025, tras aplicar una recalibración metodológica en el año base 2021 de 396 kgCO2e/MWh a 367 kgCO2e/MWh y en el objetivo de 2030 de 124 kgCO2e/MWh a 114 kgCO2e/MWh por la exclusión de contingentes y una captura más precisa de entidades pequeñas.","pag 270,271","pag 290,291,294",
Deutsche Bank,Steel,N,Sin cambios significativos,"La intensidad física de emisiones de la cartera de acero se mantuvo prácticamente constante al pasar de 1,234 kgCO2e/t de acero en el informe 2024 a 1,231 kgCO2e/t de acero en el informe 2025, confirmando la ausencia de variaciones materiales en el desempeño del sector.",pag 271,"pag 290,296",
Deutsche Bank,Automotive,F,Progreso continuo en la reducción de la intensidad física de las emisiones de los fabricantes.,"La intensidad de emisiones de alcance 3 del segmento de vehículos ligeros descendió de los 162 gCO2/vkm reportados para 2024 en el informe 2024 a 153 gCO2/vkm en el informe 2025, consolidando un progreso del 20% en comparación con la línea base de 190 gCO2/vkm debido al avance en la transición de los clientes y la gestión activa del banco.",pag 271,"pag 290,295",
Deutsche Bank,Cement,D/M,"Recalibración del año base y metas, manteniendo una tendencia superior a la trayectoria de descarbonización.","Aunque la intensidad física disminuyó de los 781 kgCO2e/t registrados para 2024 en el informe 2024 a 749 kgCO2e/t en el informe 2025 gracias a un cliente de baja intensidad, el portfolio se mantiene un 11% por encima del año base 2022 (recalibrado a la baja de 731 kgCO2e/t a 678 kgCO2e/t junto con la meta 2030 de 520 kgCO2e/t a 483 kgCO2e/t por la exclusión de contingentes), evidenciando las dificultades de descarbonización de este sector.","pag 270,271","pag 290,291,298",
Deutsche Bank,Aviation,F,Reducción gradual en la puntuación de alineamiento climático bajo la metodología Pegasus.,"El indicador de alineamiento de la cartera de aviación comercial mejoró ligeramente al descender de un 1.3% reportado en el informe 2024 a un 1.0% en el informe 2025, lo que representa una reducción de 0.3 puntos porcentuales año con año en la intensidad de las aerolíneas comerciales operadas.",pag 271,"pag 290,300",
Deutsche Bank,Shipping,F/M,Fuerte mejora en los scores de alineamiento y actualización a las guías técnicas 5.2 de los Poseidon Principles.,"La puntuación de alineamiento climático para el escenario ""Striving"" mostró una notable reducción desde el 19.7% reportado para 2023 en el informe 2024 hasta el 7.5% reportado para 2024 en el informe 2025, una mejora de 12.2 puntos porcentuales motivada en parte por la actualización metodológica de la Guía Técnica 5.1 a la 5.2 de los Principios de Poseidón.",pag 271,"pag 290,299",
Deutsche Bank,CRE,N,Sin cambios significativos,"La exposición crediticia total a Commercial Real Estate garantizada por propiedades no residenciales se redujo de €69.1 mil millones en el informe 2024 a €61.9 mil millones en el informe 2025, manteniéndose monitoreada bajo emisiones financiadas generales pero sin el establecimiento de metas de descarbonización específicas e independientes.",pag 277,pag 302,
Deutsche Bank,RRE,F/M,Reducción de emisiones financiadas e intensidad energética apoyada por refinamientos del modelo.,"Las emisiones financiadas de la cartera residencial europea se redujeron de 2.2 MtCO2e/y en el informe 2024 a 2.0 MtCO2e/y en el informe 2025, logrando que la intensidad promedio bajara de 13.04 kgCO2e/m²/y a 12.5 kgCO2e/m²/y debido a la amortización y reducción del portafolio junto con refinamientos implementados en el modelo de estimación de CO2.",pag 279,pag 306,
Deutsche Bank,Coal,D,Incremento en las emisiones absolutas financiadas debido a actividades crediticias a corto plazo.,"Las emisiones financiadas absolutas de alcance 3 en el sector de minería de carbón aumentaron de 4.6 MtCO2/y reportadas para 2024 en el informe 2024 a 5.3 MtCO2/y en el informe 2025, un incremento del 16% impulsado principalmente por la actividad crediticia a corto plazo de un único cliente.",pag 271,"pag 290,297",
Deutsche Bank,Aluminium,N,No reportado en ningún informe,El sector del aluminio no se encuentra dentro del alcance del marco de objetivos de descarbonización ni de las métricas sectoriales específicas de la entidad en ninguno de los dos ejercicios analizados.,-,-,
Deutsche Bank,Agriculture,N,Monitoreado exclusivamente bajo el marco general de diligencia debida ESG sin metas cuantitativas.,"El sector no cuenta con objetivos cuantitativos de descarbonización y su gestión se refleja en el número de revisiones transaccionales y de clientes iniciadas bajo directrices de commodities agrícolas y forestería, las cuales disminuyeron de 244 en el informe 2024 a 144 en el informe 2025 debido a optimizaciones procedimentales.",pag 238,pag 238,
Bancolombia,Oil&Gas,M,Modificación al alza en los datos de exposición reportados para el año 2024.,"La exposición de la cartera para el sector de petróleo y gas correspondiente al ejercicio 2024 sufrió una reestimación al pasar del 1,11% indicado en el del informe de 2024 al 1,65% publicado en el informe de 2025 sin explicaciones metodológicas explícitas en el extracto.",pag 294,pag 222,
Bancolombia,Power,D/M,Incumplimiento del objetivo intermedio de intensidad de emisiones en 2024 y discrepancia en la exposición de la cartera.,"La intensidad de emisiones del sector de generación de energía se situó en 0,24 tCO2e/MWh frente a una meta intermedia para 2024 de 0,161 tCO2e/MWh debido al impacto del fenómeno de El Niño, registrándose además una discrepancia en la exposición de la cartera de 2024 al variar del 5,32% total (5,05% convencional y 0,27% carbón) en el informe de 2024 al 5,52% total (5,29% electricidad y 0,23% térmicas a carbón) en el informe de 2025.","pag 294,305","pag 222,223",
Bancolombia,Steel,N,Sin cambios significativos,"La exposición crediticia del sector de hierro y acero se mantuvo completamente estable al reportar un valor idéntico del 0,13% para el año 2024 tanto en la el informe de 2024 como en el informe de 2025.",pag 294,pag 222,
Bancolombia,Automotive,M,Desglose y separación explícita de la industria automotriz dentro de la cartera comercial.,"El sector automotriz fue segregado como categoría independiente en el informe de 2025 registrando una exposición del 1,32% para el año 2024, mientras que en el informe de 2024 se encontraba consolidado de forma conjunta bajo la etiqueta general de transporte con un peso del 2,23%.",pag 294,pag 222,
Bancolombia,Cement,M,Reajuste a la baja de la exposición de la cartera para el año 2024.," La exposición de la cartera comercial del sector cemento correspondiente al año 2024 se modificó al pasar del 0,29% en el informe de 2024 al 0,16% en el informe de 2025, periodo en el cual se logró cumplir con la meta de intensidad sectorial fijada en 0,62 tCO2e/t.","pag 294,305","pag 222,223",
Bancolombia,Aviation,N,No reportado en ningún informe,El sector de aviación no se encuentra reportado con objetivos ni métricas cuantitativas específicas en ninguno de los dos informes anuales evaluados.,-,-,
Bancolombia,Shipping,N,No reportado en ningún informe,El sector de transporte marítimo no se encuentra reportado con objetivos ni métricas cuantitativas específicas en ninguno de los dos informes anuales evaluados.,-,-,
Bancolombia,CRE,N,Sin cambios significativos,"El segmento de bienes raíces comerciales se mantiene sin cambios en sus métricas debido a que el informe de 2025 aclara en sus páginas 233 y 234 que está excluido de la contabilidad de emisiones financiadas bajo PCAF, manteniendo la misma línea de gestión de activos comerciales analizada en la página 184 del informe de 2024.",pag 184,"pag 233,234",
Bancolombia,RRE,N,Sin cambios significativos,"El sector de vivienda y construcción residencial mantiene la continuidad de sus estrategias de fondeo verde sin variaciones significativas en sus metas de descarbonización a largo plazo, ligando las colocaciones a certificaciones EDGE o LEED según lo descrito en el informe de 2024 y en el informe de 2025.","pag 184,185",pag 222,
Bancolombia,Coal,F/M,Adición de criterios de transición justa para el sector del carbón térmico y desajustes en la exposición.,"La política de desincorporación de carbón térmico incorporó criterios y principios de evaluación para planes de transición en la página 204 del informe de 2025, registrándose al mismo tiempo variaciones en la exposición reportada de 2024 que pasó de 0,02% en minería y 0,27% en electricidad a carbón en el informe de 2024 a 0,04% en carbón y 0,23% en térmicas a carbón en el informe de 2025.","pag 288,294","pag 204,222",
Bancolombia,Aluminium,N,No reportado en ningún informe,El sector de aluminio no se encuentra reportado con objetivos ni métricas cuantitativas específicas en ninguno de los dos informes anuales evaluados.,-,-,
Bancolombia,Agriculture,N,Sin cambios significativos,"El sector agropecuario y de ganadería sostenible continuó bajo las mismas directrices de gestión de riesgos climáticos, mostrando únicamente una variación menor no crítica en su exposición de la cartera de 2024 al pasar del 0,26% en la página 294 del informe de 2024 al 0,28% en la página 222 del informe de 2025.",pag 294,pag 222,
Unicredit,Oil&Gas,M,Recálculo de la línea base absoluta por inclusión de bonos y reajuste del alcance de emisiones.,"Las emisiones financiadas absolutas asignadas a la línea base de 2021 se recalcularon a la baja, disminuyendo de los 21.4 MtCO2e detallados en el informe de 2024 a 19.4 MtCO2e en el informe de 2025 debido a la inclusión de los valores de valores mobiliarios (bonos) y al reajuste del alcance para enfocarse estrictamente en empresas integradas, refinerías y el segmento upstream.","pag 253,261","pag 250,251",
Unicredit,Power,M,Modificación metodológica de la métrica por inclusión de títulos de bonos corporativos.,"El banco recalculó su línea base de intensidad de emisiones físicas para el año 2021, pasando de los 208 gCO2e/kWh informados en el reporte de 2024 a 209 gCO2e/kWh en el reporte de 2025.","pag 254,261","pag 250,252",
Unicredit,Steel,N,Sin cambios significativos,"El sector muestra una continuidad absoluta en su diseño estratégico, manteniendo sin variaciones su línea base de 2022 en 1.45 tCO2/tSteel y su meta de reducción para el año 2030 en 1.11 tCO2/tSteel tanto en el informe de 2024 como en el de 2025.","pag 256,262","pag 250,262",
Unicredit,Automotive,N,Sin cambios significativos,"Las métricas de intensidad de emisiones para este sector se mantuvieron estables sin modificaciones en los parámetros de diseño, confirmando una línea base de 2021 de 161 gCO2/vkm y una meta fijada de 95 gCO2/vkm tanto en el informe de 2024 como en el de 2025.","pag 255,261","pag 250,252",
Unicredit,Cement,N,Sin cambios significativos,El sector se mantiene categorizado bajo el criterio de exclusión por falta de materialidad al representar menos del 1% de la exposición total a sectores intensivos en carbono tanto en el informe de 2024 como en el de 2025.,pag 259,"pag 243,249",
Unicredit,Aviation,N,Sin cambios significativos,"Esta actividad continúa excluida de la fijación de objetivos intermedios debido a que su exposición financiera se sitúa por debajo del umbral de materialidad de 1,000 millones de euros en el informe de 2024 y se ratifica bajo la misma condición en el informe de 2025.",pag 259,"pag 243,249",
Unicredit,Shipping,N,Sin cambios significativos,El monitoreo de la cartera y las metas de reducción del 30% fijadas para el año 2030 se mantuvieron constantes respecto a los parámetros originales de la línea base de 2022 tanto en el informe de 2024 como en el informe de 2025.,"pag 257,263","pag 250,253",
Unicredit,CRE,F,Introducción de la recolección obligatoria de certificados de eficiencia energética reales.,"El banco fortaleció la gestión de datos de su cartera al establecer la recolección obligatoria de los Certificados de Rendimiento Energético (EPC) reales para las operaciones de nuevos negocios en el informe de 2025, superando el esquema del informe de 2024 (p. 245, 263) donde solo se incentivaba la recopilación voluntaria o se recurría a estimaciones indirectas.","pag 245,263",pag 266,
Unicredit,RRE,F,Recolección obligatoria de certificados energéticos reales para nuevas operaciones crediticias.,"La entidad elevó su nivel de exigencia de datos al implementar la recopilación obligatoria de los Certificados de Rendimiento Energético (EPC) para nuevos negocios en el informe de 2025, mejorando el control sobre la calidad de la información frente al informe de 2024 que dependía en gran medida de metodologías basadas en proxies y estimaciones externas.","pag 246,264",pag 267,
Unicredit,Coal,N,Sin cambios significativos,La política de desinversión progresiva y el objetivo de abandono total de la financiación al sector del carbón térmico se mantiene firmemente establecido para el año 2028 tanto en el informe de 2024 como en el informe de 2025.,pag 259,"pag 243,249",
Unicredit,Aluminium,N,Sin cambios significativos,"La entidad bancaria no ha establecido metas específicas para este segmento debido a su baja relevancia y materialidad dentro de la cartera de crédito en el informe de 2024, manteniendo la misma postura y justificación en el informe de 2025.",pag 259,"pag 243,249",
Unicredit,Agriculture,F,"Planificación formal para el desarrollo de directrices, formaciones específicas y políticas sectoriales propias.","El banco expandió su nivel de compromiso al anunciar la futura evaluación para el establecimiento de directrices internas sobre prácticas agrícolas, una ruta de formación para empleados en 2026 y la formalización de una política específica para el sector en el informe de 2025, superando la fase de mero monitoreo pasivo registrada en el informe de 2024.","pag 259,260","pag 276,277",
Lloyds Banking Group,Oil&Gas,N,Sin cambios significativos,"El banco mantiene su política restrictiva de no aprobar financiamiento directo para nuevos desarrollos de yacimientos de petróleo y gas (""greenfield"") aprobada originalmente post-2021, sin registrarse alteraciones conceptuales o numéricas imprevistas entre ambos años.",pag 68,pag 66,
Lloyds Banking Group,Power,N,Sin cambios significativos,El sector de energía se mantiene integrado dentro de la estrategia general de descarbonización de la cartera sin modificaciones metodológicas ni variaciones cuantitativas extraordinarias reportadas explícitamente entre ambos periodos.,pag 65,pag 64,
Lloyds Banking Group,Steel,N,No reportado en ningún informe,El sector del acero no se encuentra incluido dentro de los desgases sectoriales de objetivos de descarbonización financiera de la organización en los informes de sostenibilidad correspondientes.,-,-,
Lloyds Banking Group,Automotive,F/M,Endurecimiento metodológico del objetivo para excluir vehículos híbridos,"La institución fortaleció sus criterios ambientales en el informe 2025 al restringir la metodología de su objetivo de financiamiento motor de £10 mil millones para el año 2027 de modo que cubra exclusivamente vehículos eléctricos puros (EV), a diferencia del informe 2024 donde la meta previa de £8 millones acumulados incluía de forma conjunta vehículos eléctricos e híbridos enchufables.","pag 5,66","pag 64,65",
Lloyds Banking Group,Cement,N,No reportado en ningún informe,El sector de cemento no cuenta con objetivos sectoriales específicos ni métricas de intensidad de emisiones reportadas de forma independiente por la entidad en ninguno de los dos ejercicios analizados.,-,-,
Lloyds Banking Group,Aviation,N,Sin cambios significativos,El sector de aviación continúa listado como parte de los compromisos sectoriales asumidos bajo la Net-Zero Banking Alliance (NZBA) sin que se detallen variaciones en sus metas ni desajustes en sus datos base de estimación.,pag 65,pag 64,
Lloyds Banking Group,Shipping,N,No reportado en ningún informe,Las actividades y carteras asociadas al transporte marítimo internacional no son objeto de reporte numérico ni cualitativo estructurado dentro de las secciones de descarbonización sectorial analizadas.,,,
Lloyds Banking Group,CRE,M,Actualización de objetivos de emisiones al Séptimo Presupuesto de Carbono del Reino Unido,"El banco reconfiguró metodológicamente los objetivos sectoriales de emisiones financiadas para el sector inmobiliario comercial en el informe 2025 adoptando los parámetros del Séptimo Presupuesto de Carbono del Climate Change Committee (CCC), en sustitución del Sexto Presupuesto de Carbono que servía de guía referencial en el informe 2024.",pag 65,pag 64,
Lloyds Banking Group,RRE,F/M,Recalibración climática de hipotecas y fuerte avance en saldos sostenibles acumulados,"Los objetivos para el portafolio de vivienda residencial fueron actualizados en el informe 2025 según los nuevos lineamientos del Séptimo Presupuesto de Carbono del Reino Unido frente al Sexto del informe 2024, reportando un incremento del financiamiento acumulado para propiedades con eficiencia energética EPC A y B que pasó de £11.4 mil millones en el documento anterior a £18.5 mil millones en el periodo actual","pag 5,65,66","pag 64,65",
Lloyds Banking Group,Coal,F,Consolidación del cronograma de salida total para el año 2030,"El grupo financiero reforzó la transparencia de su estrategia de descarbonización al proyectar una salida definitiva de todas las entidades que operan plantas de carbón térmico para 2030 en el informe 2025, complementando el hito de exclusión de financiamiento directo a la generación eléctrica a base de carbón térmico en el Reino Unido materializado a finales de 2023 según el informe 2024.",pag 68,pag 66,
Lloyds Banking Group,Aluminium,N,No reportado en ningún informe,El aluminio no figura dentro de las categorías industriales o portafolios evaluados de manera individualizada en las estrategias de transición energética publicadas por el grupo financiero.,-,-,
Lloyds Banking Group,Agriculture,M,Alineación de metas sectoriales con el Séptimo Presupuesto de Carbono del Reino Unido,"La meta de emisiones financiadas para el sector agrícola fue reformulada en el informe 2025 con el propósito de absorber las directrices del Séptimo Presupuesto de Carbono del Reino Unido emitido por el CCC, rompiendo con el esquema del Sexto Presupuesto implementado como línea base técnica en el informe 2024.",pag 65,pag 64,
Akbank,Oil&Gas,D/M,Eliminación de evaluaciones individuales de clientes y nueva exclusión de Oil & Gas no convencional en el Ártico,"El informe 2024 reporta 10 empresas de Oil & Gas evaluadas bajo las prioridades de la Net Zero Banking Initiative; el informe 2025 indica 0 empresas evaluadas en Oil & Gas bajo el nuevo sistema Green Transformation Score, al haberse enfocado 2025 en 'sectores objetivo'. Adicionalmente, el informe 2025 incorpora por primera vez la exclusión explícita de financiar actividades de petróleo y gas no convencional (exploración, producción y transporte) en el Ártico y extracción de arenas bituminosas, restricción ausente en el informe 2024.","pag192,193","pag 216,217,228,229",
Akbank,Power,N,Sin cambios en objetivos; mismo target cuantitativo confirmado,"El informe 2024 establece el objetivo de reducción de intensidad en el sector energético de -60% en kgCO₂e/MWh para 2030 respecto al año base 2021 bajo el escenario IEA NZE2050, idéntico al publicado en el informe 2025. Ambos informes confirman PCAF como metodología de cálculo y el año base 2021. Sin cambio cuantitativo.","pag 190,191","pag 224,225",
Akbank,Steel,N,Sin cambios en el objetivo de reducción de intensidad; incremento muy relevante de empresas evaluadas,"El objetivo de reducción de intensidad de carbono en acero se mantiene idéntico en ambos informes: -29% en kgCO₂e/tonelada-acero para 2030 vs. año base 2021 bajo IEA NZE2050 (informe 2024, p. 190-191; informe 2025, p. 224-225). El número de empresas evaluadas pasó de 20 en 2024 (p. 192-193) a 212 en 2025 (p. 228-229), lo que representa el mayor salto cuantitativo entre todos los sectores.","pag 190,191,192,193","pag 224,225, 228,229",
Akbank,Automotive,N,No reportado en ningún informe,"Akbank no reporta en ninguno de los dos informes (2024 ni 2025) objetivos, métricas ni datos de descarbonización específicos para el sector Automotive. El sector no forma parte de los sectores prioritarios de descarbonización definidos en la estrategia Net Zero de Akbank.",No encontrado,No encontrado,
Akbank,Cement,N,Sin cambios en el objetivo de reducción de intensidad; incremento notable de empresas evaluadas,"El objetivo de reducción de intensidad de carbono en cemento se mantiene idéntico en ambos informes: -23,8% en kgCO₂e/tonelada-cemento para 2030 vs. año base 2021 bajo IEA NZE2050 (informe 2024, p. 190-191; informe 2025, p. 224-225). El número de empresas evaluadas pasó de 15 en 2024 (p. 192-193) a 40 en 2025 (p. 228-229), reflejo de la implantación del Green Transformation Score.","pag 190-191,192,193","pag 224,225,228,229",
Akbank,Aviation,N,No reportado en ningún informe,"Akbank no reporta en ninguno de los dos informes (2024 ni 2025) objetivos, métricas ni datos de descarbonización específicos para el sector Aviation/aviación. El sector no forma parte de los sectores prioritarios de descarbonización definidos en la estrategia Net Zero de Akbank.",No encontrado,No encontrado,
Akbank,Shipping,N,No reportado en ningún informe,"Akbank no reporta en ninguno de los dos informes (2024 ni 2025) objetivos, métricas ni datos de descarbonización específicos para el sector Shipping/transporte marítimo. El sector no forma parte de los sectores prioritarios de descarbonización definidos en la estrategia Net Zero de Akbank.",No encontrado,No encontrado,
Akbank,CRE,N,Sin cambios en el objetivo de reducción de intensidad; CRE pasa a ser evaluado en 2025,"El objetivo de reducción de intensidad para inmuebles de servicios (Service Buildings / CRE) se mantiene idéntico en ambos informes: -40,8% en kgCO₂e/m² para 2030 vs. año base 2021 bajo IEA NZE2050. El informe 2024 señalaba que no se realizaba evaluación individual de clientes en CRE al entenderse que su transformación vendría impulsada por el sector energético; el informe 2025 incorpora ya 112 empresas de Real Estate evaluadas en 2025 bajo el Green Transformation Score.","pag 190,191,192.193","pag 224.225, 228.229",
Akbank,RRE,N,Sin cambios en el objetivo de reducción de intensidad; objetivo idéntico confirmado,"El objetivo de reducción de intensidad para inmuebles residenciales se mantiene idéntico en ambos informes: -49,3% en kgCO₂e/m² para 2030 vs. año base 2021 bajo IEA NZE2050. No se reportan cambios metodológicos, de perímetro ni de escenario de referencia para este sector.","pag 190,191","pag 224,225",
Akbank,Coal,F,Consolidación y mayor detalle del compromiso de salida del carbón para 2040 con Just Transition,"El informe 2024 anuncia el compromiso de abandonar el carbón para 2040 con 49 empresas evaluadas y reporta por primera vez los principios de just transition. El informe 2025 consolida y amplía sustancialmente este compromiso: detalla tres categorías de actividades carboneras con diferentes plazos y hojas de ruta (plantas termoeléctricas y mineras de carbón térmico; mineras de carbón metalúrgico; toda la cadena de valor del carbón), establece 6 principios explícitos de just transition, y evalúa 72 empresas del sector (vs. 49 en 2024). No se modifican los umbrales (5% de ingresos en carbón como criterio de clasificación).","pag 184,185, 192,193","pag 218-219, 228,229",
Akbank,Aluminium,D,Sector evaluado en 2024 desaparece del sistema de evaluación en 2025,"El informe 2024 reporta 11 empresas de aluminio evaluadas bajo los principios de la Net Zero Banking Initiative. El informe 2025 indica 0 empresas evaluadas en aluminio, al haberse enfocado 2025 exclusivamente en los 'sectores objetivo' del Green Transformation Score (energía, carbón, cemento, acero y real estate). Akbank no reporta ningún objetivo cuantitativo de reducción de emisiones para el sector aluminio en ninguno de los dos informes.","pag 192,193","pag 228,229",
Akbank,Agriculture,D,Sector evaluado en 2024 desaparece del sistema de evaluación en 2025,"El informe 2024 reporta 3 empresas del sector agricultura evaluadas bajo los principios de la Net Zero Banking Initiative. El informe 2025 indica 0 empresas evaluadas en agricultura, al haberse enfocado 2025 exclusivamente en los 'sectores objetivo' del Green Transformation Score. Akbank no reporta ningún objetivo cuantitativo de reducción de emisiones para el sector agricultura en ninguno de los dos informes.","pag 192,193","pag 228,229",
Commerzbank,Oil&Gas,D/F,Flexibilización en los criterios de exclusión de gas y endurecimiento específico en el transporte de petróleo,"La política de combustibles fósiles eliminó la expansión de la infraestructura de transporte de gas como criterio de exclusión pero endureció las restricciones en el sector petrolero para incluir proyectos de transporte como nuevos oleoductos, pasando de una postura de escrutinio estricto generalizado en el informe 2024 a una segmentación más flexible y específica descrita en el informe 2025.",pag 53,pag 62,
Commerzbank,Power,D,Eliminación de la expansión de plantas de energía a gas como criterio de exclusión en la política sectorial,"El banco modificó su guía de combustibles fósiles eliminando las restricciones a la expansión de plantas de energía a gas que en el informe 2024 se evaluaban críticamente caso por caso, permitiendo ahora este tipo de financiación según se detalla en el informe 2025 para alinearse con las necesidades de seguridad del suministro energético actual.",pag 53,pag 62,
Commerzbank,Steel,D,Resumen del cambio: Incremento brusco en la intensidad de emisiones físicas del sector de hierro y acero,La intensidad de emisiones del sector aumentó notablemente de 1.3 t CO2eq/t de acero informada en el informe 2024 a 1.6 t CO2eq/t de acero en el informe 2025 debido al impacto a corto plazo del desembolso de financiación para la transformación de grandes clientes corporativos.,pag 53,pag 63,
Commerzbank,Automotive,D,Incremento en la intensidad de emisiones debido a la composición de la cartera de financiación,La intensidad de emisiones físicas de la cartera automotriz aumentó de 148.5 g CO2eq/pkm reportada en el informe 2024 a 166.2 g CO2eq/pkm en el informe 2025 a causa de un mayor volumen de financiación destinado a clientes con perfiles de alta intensidad de emisiones.,pag 54,pag 63,
Commerzbank,Cement,N,Sin cambios significativos,"La intensidad de emisiones físicas del sector se mantuvo estancada en 0.7 t CO2eq/t de cemento tanto en el informe 2024 como en el informe 2025, confirmando el banco las dificultades para descarbonizar esta cartera debido a la alta intensidad de los clientes corporativos existentes.",pag 53,pag 62,
Commerzbank,Aviation,D/M,Adopción de un objetivo de escenario de 1.7°C menos estricto y recalculación del año base,El banco recalculó el valor base de 2021 de 795.9 g CO2eq/tkm reportado el informe 2024 a 784.9 g CO2eq/tkm e introdujo un objetivo de dirección complementario menos ambicioso de 1.7°C (646 g CO2eq/tkm) en las páginas 105 y 108 del informe 2025 debido a que el sector no se encuentra en la trayectoria necesaria para cumplir el escenario de 1.5°C.,pag 53,pag 64,
Commerzbank,Shipping,N,No reportado en ningún informe,El sector de transporte marítimo no presenta objetivos sectoriales ni trayectorias cuantitativas de descarbonización reportadas en el informe 2024 ni en el informe 2025,-,-,
Commerzbank,CRE,D/M,Introducción de objetivos de dirección complementarios de 1.7°C debido a retrasos en la descarbonización sectorial,"Además de registrar una variación en el uso residencial de 35.6 kg CO2eq/m² en el informe 2024 a 33.5 kg CO2eq/m² en el informe 2025 por la integración de datos de certificados energéticos, el banco incorporó nuevos objetivos de dirección de 1.7°C para 2030 reconociendo que el sector se encuentra desviado de la trayectoria de 1.5°C original.",pag 53,pag 64,
Commerzbank,RRE,D/M,Reducción de la ambición climática con la exclusión del portafolio de la revalidación SBTi y adopción de una meta menos estricta,"El banco disminuyó la intensidad de emisiones de 44.3 kg CO2eq/m² en la página 99 del informe 2024 a 41.3 kg CO2eq/m² en el informe 2025, pero sustituyó el objetivo original de reducción del 57% (19.8 kg CO2eq/m²) por una meta de dirección menos estricta del 40% (27.4 kg CO2eq/m²) tras declarar el portafolio como poco realista para los criterios de SBTi.",pag 53,pag 66,
Commerzbank,Coal,D,Postergación del abandono del carbón y eliminación de la obligación de planes de transformación,"El banco retrasó la fecha límite para la eliminación progresiva del carbón hasta el año 2038 y retiró por completo la exigencia de que los clientes presentaran planes de transformación antes del cierre de 2025, modificando los criterios estrictos planteados originalmente en el informe 2024 según se anuncia en el informe 2025.",pag 53,pag 13,
Commerzbank,Aluminium,N,No reportado en ningún informe,El sector de aluminio no cuenta con objetivos ni métricas de descarbonización asignadas ni en el informe 2024 ni en el informe 2025,-,-,
Commerzbank,Agriculture,N,No reportado en ningún informe,El sector de agricultura no cuenta con objetivos cuantitativos de descarbonización ni en el informe 2024 ni en el informe 2025 debido a la baja exposición de la cartera del banco en este ámbito,-,-,
JPMorgan Chase,Oil&Gas,N,Sin cambios significativos,"La intensidad de la combinación energética disminuyó del 24.1% (34.8 gCO2MJ en el informe 2024 al 33.2% (30.6 CO2MJ en el informe 2025, mientras que la intensidad operativa de petróleo y gas se redujo del 4.0% 4.7gCO2MJ al 17.2% (4.0 gCO2MJ frente al año base 2019 sin modificaciones en las metas de reducción establecidas para 2030.","pag 3,17",pag 24,
JPMorgan Chase,Power,M,Incorporación de una advertencia cualitativa sobre el impacto de la inteligencia artificial en el cumplimiento de los objetivos,"El banco mantuvo su objetivo de reducción de la intensidad de carbono del sector eléctrico en un 69% para 2030 con respecto al año base 2019, logrando una reducción del 21.5% (268.8kgCO2MWh en el informe 2024 y del 27.5% (248.4kgCO2MWh en el informe 2025, pero introdujo una nueva consideración metodológica señalando que la creciente demanda energética de los centros de datos impulsados por la inteligencia artificial se espera que influya negativamente en su capacidad futura para cumplir con este objetivo.","pag 3,17","pag 2,23,24",
JPMorgan Chase,Steel,N,Sin cambios significativos,"La intensidad de carbono de la cartera de hierro y acero avanzó al registrar una reducción del 1.5% (1.390 tCO2e/t) frente al año base de 1.412 tCO2e/t en el informe 2024 y alcanzar una disminución del 8.6% (1.291 tCO2e/t) en el informe 2025, manteniendo sin alteraciones el objetivo de reducción del 30% fijado para 2030.","pag 3,17",pag 24,
JPMorgan Chase,Automotive,D,Retroceso en la reducción de la intensidad de carbono debido a la ralentización en la adopción de vehículos eléctricos,"La intensidad de carbono de la cartera de fabricación de automóviles sufrió un retroceso cuantitativo al pasar de una reducción del 23.3% (126.4 gCO2e/km) respecto a la línea base de 164.8 gCO2e/km en el informe 2024 a una menor disminución del 20.3% (131.3 gCO2e/km) en el informe 2025, debido a que los desafíos globales en la velocidad de adopción de vehículos eléctricos afectaron el desempeño del portafolio.","pag 3,17","pag 24,25",
JPMorgan Chase,Cement,N,Sin cambios significativos,"La intensidad de carbono del sector del cemento se mantuvo sin variaciones metodológicas al pasar de una reducción del 0.7% (634.6 kgCO2e/t) respecto al año base de 639.3 kgCO2e/t en el informe 2024 a una reducción del 3.1% (619.6 kgCO2e/t) en el informe 2025, bajo la misma meta final del 28% fijada para 2030.","pag 3,17",pag 24,
JPMorgan Chase,Aviation,N,Sin cambios significativos,"La intensidad de carbono del portafolio de aviación progresó de una reducción del 16.9% (808.0 gCO2/RTK) con respecto al año base de 972.6 gCO2/RTK en el informe 2024 a una disminución del 20.1% (777.3 gCO2/RTK) en el informe 2025, bajo el mismo objetivo de reducción del 36% para 2030.","pag 3,17",pag 24,
JPMorgan Chase,Shipping,M,Nueva revisión de la línea base y ajuste a la baja en el porcentaje de reducción del objetivo 2030,"La línea base de intensidad de carbono para el transporte marítimo fue recalculada a la baja al pasar de 11.4 gCO2/t-nm en el informe 2024 a 10.9 gCO2/t-nm en el informe 2025, lo que modificó el objetivo de reducción para 2030 del -26% inicial a un -23%, mientras que la intensidad reportada se situó en un incremento del 4.9% (11.9 gCO2/t-nm) y del 5.7% (11.5 gCO2/t-nm) respectivamente.",pag 17,pag 24,
JPMorgan Chase,CRE,N,No reportado en ningún informe,"El sector inmobiliario comercial no cuenta con objetivos sectoriales específicos de descarbonización ni métricas cuantitativas de intensidad de carbono reportadas en ninguno de los dos informes secuenciales, limitándose únicamente a su desglose de exposición financiera dentro de los mapas de calor de riesgo crediticio mayorista.",-,-,
JPMorgan Chase,RRE,N,No reportado en ningún informe,"El sector inmobiliario residencial carece de métricas cuantitativas de intensidad de emisiones o metas de descarbonización en ambos documentos, figurando exclusivamente bajo las herramientas de modelos de catástrofes para la evaluación general de riesgos físicos en la cartera de consumo.",-,-,
JPMorgan Chase,Coal,N,Sin cambios significativos respecto a la exclusión sectorial por riesgo reputacional y ambiental,"El sector del carbón se mantiene sin objetivos cuantitativos de descarbonización de cartera en ambos informes debido a que JPMorgan Chase lo clasifica estructuralmente como una actividad restringida bajo su marco de gestión de riesgos, aplicando una política estricta por la cual no provee servicios financieros a clientes que deriven la mayoría de sus ingresos de la extracción de carbón, ni a aquellos involucrados en la minería de remoción de cimas u otras prácticas que dañen permanentemente el medio ambiente.
A continuación se detallan las políticas aplicadas y la evolución reflejada en los documentos de 2024 y 2025:
El banco prohíbe brindar servicios financieros a empresas cuyos ingresos provengan mayoritariamente de la extracción de carbón, prácticas destructivas como la minería de remoción de cimas, y el desarrollo o expansión de nuevas minas y plantas térmicas a carbón.
La exposición financiera del banco al sector cayó de 198 a 136 millones de dólares en el último año, y la nueva metodología corporativa clasifica explícitamente al carbón como un sector de riesgo ""Alto"" tanto en términos de transición como de impacto físico.
Cualquier cliente que participe de forma parcial en la cadena de valor del carbón (sin llegar a los umbrales de exclusión total) es sometido automáticamente a una evaluación de riesgo exhaustiva e individualizada antes de recibir cualquier tipo de respaldo comercial o financiero.",pag 31,"pag 57,61",
JPMorgan Chase,Aluminium,D,Incremento significativo de la intensidad de carbono por concentración en mercados emergentes,"La intensidad de carbono del sector de aluminio empeoró de manera notable al pasar de un aumento del 2.2% (8.8 tCO2/t) respecto al año base de 8.6 tCO2/t en el informe 2024 a un incremento acumulado del 10.4% (9.5 tCO2e/t) en el informe 2025, debido a la concentración de financiamiento en clientes de mercados emergentes cuyas operaciones dependen de redes eléctricas con altas emisiones de carbono.","pag 3,17","pag 24,25",
JPMorgan Chase,Agriculture,N,No reportado en ningún informe,"El sector agrícola no presenta objetivos de descarbonización ni indicadores métricos de intensidad de emisiones en ninguno de los dos ejercicios analizados, estando presente únicamente en los heatmaps corporativos de riesgo de crédito comercial e industrial.",-,-,
Morgan Stanley,Oil&Gas,M,Desagregación del sector energético en uso final y operacional junto con la adopción de intensidad física.,"El banco reestructuró sus metas para el sector energético al sustituir su objetivo previo de reducción del 29% en la intensidad de las emisiones financieras (FELI) frente a la base 2019 en el informe de 2023 por dos indicadores de intensidad física denominados ""Energy-End Use"" (reducción de entre el 10% y el 19% en gCO2e/MJ) y ""Energy-Operational"" (reducción de entre el 12% y el 20% en gCO_2e/MJ), fijando una nueva línea base correspondiente al año 2022 en el informe de 2024.","pag 54,55","pag 31,32",
Morgan Stanley,Power,M,Cambio metodológico integral de intensidad crediticia a intensidad física y reajuste del año base.,"Morgan Stanley modificó completamente la métrica de sus objetivos sectoriales para 2030, pasando de una reducción del 58% en la intensidad de las emisiones de préstamos corporativos (FELI) calculada sobre la base de 2019 en el informe de 2023 a un rango de reducción del 45% al 60% en la intensidad física expresada en kgCO2e/MWh con un año base reajustado a 2022 en el informe de 2024.","pag 54,55","pag 31,32",
Morgan Stanley,Steel,N,No reportado en ningún informe,El sector de acero no se encuentra reportado con objetivos de descarbonización ni con métricas específicas de emisiones financiadas dentro de los inventarios corporativos de ambos documentos.,-,-,
Morgan Stanley,Automotive,M,Sustitución de intensidad financiera por intensidad física por vehículo kilómetro.,"Morgan Stanley reemplazó su objetivo para el sector de fabricación de automóviles, el cual exigía una reducción del 35% en la intensidad crediticia (FELI) respecto al año base 2019 según el informe de 2023, por un rango de reducción del 29% al 45% en la intensidad física calculada en gCO_2e/vehicle km con un año base modificado a 2022 en el informe de 2024.","pag 54,55","pag 31,32",
Morgan Stanley,Cement,N,No reportado en ningún informe,El sector de cemento no cuenta con objetivos cuantitativos sectoriales de descarbonización ni con un desglose de métricas de emisiones financiadas en las tablas oficiales de ninguno de los dos informes analizados.,-,-,
Morgan Stanley,Aviation,F,Incorporación de la aviación como nuevo sector con objetivo de descarbonización para 2030.,"El sector de aviación fue incorporado de manera novedosa en el informe de 2024 estableciendo un rango de reducción en la intensidad física del 13% al 24% medido en gCO2e/RTK sobre un año base de 2022, tras no haber figurado con objetivos de emisiones financiadas en el informe de 2023.",-,"pag 8,31,32",
Morgan Stanley,Shipping,N,No reportado en ningún informe,El sector de transporte marítimo no está incluido con objetivos particulares de reducción ni métricas cuantitativas en las carteras de emisiones financiadas de ninguno de los informes consecutivos.,-,-,
Morgan Stanley,CRE,N,No reportado en ningún informe,El sector inmobiliario comercial no cuenta con objetivos sectoriales de descarbonización ni con métricas específicas de emisiones financiadas reportados en ninguno de los dos informes analizados.,-,-,
Morgan Stanley,RRE,N,No reportado en ningún informe,El sector inmobiliario residencial no cuenta con objetivos sectoriales de descarbonización ni con métricas específicas de emisiones financiadas reportados en ninguno de los dos informes analizados.,-,-,
Morgan Stanley,Coal,N,Gestión mediante políticas de exclusión (ESPS) y métricas transversales sin objetivo cuantitativo independiente,"Aunque el sector del carbón no presenta objetivos cuantitativos independientes dentro de los cuadros de emisiones financiadas en ninguno de los informes, el banco especifica que su exposición se gestiona restrictivamente a través de su Declaración de Política Ambiental y Social (ESPS) y se evalúa transversalmente midiendo el abandono del carbón dentro de los planes de transición de los sectores de Power y Mining.",pag 64,"pag 25,49",
Morgan Stanley,Aluminium,N,No reportado en ningún informe,El sector de aluminio no cuenta con objetivos sectoriales de descarbonización ni con métricas específicas de emisiones financiadas reportados en ninguno de los dos informes analizados.,-,-,
Morgan Stanley,Agriculture,N,No reportado en ningún informe,El sector de agricultura no cuenta con objetivos sectoriales de descarbonización ni con métricas específicas de emisiones financiadas reportados en ninguno de los dos informes analizados.,-,-,
UBS,Oil&Gas,N,Sin cambios significativos en el objetivo absoluto de descarbonización para los combustibles fósiles.,"El objetivo de reducción de emisiones financiadas absolutas para 2030 permanece fijado en un 70% en ambos informes, mostrando una reducción acumulada del 80% (12.9 millones de toneladas métricas de CO2e) al cierre de 2023 en el informe 2024 frente al 83% (10.9 millones de toneladas métricas de CO2e) al cierre de 2024 reportado en el informe 2025.",pag 27,pag 22,
UBS,Power,N,Sin cambios significativos en los objetivos fijados para el sector de generación de energía.,"El objetivo de reducción de la intensidad de emisiones para 2030 se mantiene sin alteraciones en un 60% en ambos informes, registrándose una mejora en la reducción acumulada que pasa del 33% (227 kg CO2e/MWh) al cierre de 2023 según el informe 2024 al 55% (152 kg CO2e/MWh) al cierre de 2024 según el informe 2025.",pag 27,pag 22,
UBS,Steel,D,Retroceso en las métricas de reducción de intensidad de emisiones en el sector de hierro y acero.,La reducción de la intensidad de emisiones financiadas retrocedió del 20% (1.41 toneladas de CO2/tonelada de acero) al cierre de 2023 reflejado en el informe 2024 al 14% (1.50 toneladas de CO2/tonelada de acero) al cierre de 2024 reflejado en el informe 2025 debido a un cambio en la composición de la cartera hacia clientes con mayor intensidad de carbono.,pag 27,pag 22,
UBS,Automotive,N,Sin cambios significativos al no reportarse objetivos de descarbonización para este sector.,"El banco no establece metas de descarbonización específicas para el sector automotriz en ninguno de los dos periodos, limitándose a incluir sus emisiones de Alcance 3 como parte de las emisiones financiadas globales no cubiertas por objetivos.",pag 28,pag 28,
UBS,Cement,N,Sin cambios significativos en las metas de intensidad de emisiones del sector del cemento.,"El objetivo de descarbonización para 2030 se mantiene sin modificaciones en una reducción del 24%, registrando una disminución de la intensidad de emisiones del 3% (0.62 toneladas de CO2/tonelada de cementante) al cierre de 2023 en el informe 2024 en comparación con el 4% (0.61 toneladas de CO2/tonelada de cementante) al cierre de 2024 indicado en el informe 2025.",pag 27,pag 22,
UBS,Aviation,N,Sin cambios significativos por la ausencia de objetivos de descarbonización sectoriales.,"No se reportan objetivos de reducción de emisiones crediticias para el sector de aviación en ninguno de los informes anuales consecutivos, manteniéndose únicamente el reporte de emisiones facilitadas en el negocio de mercados de capitales bajo la denominación de transporte aéreo.",pag 38,pag 35,
UBS,Shipping,D,Opacidad por la eliminación de la tabla detallada de alineamiento climático del portafolio marítimo.,"El informe 2025 elimina la divulgación directa de la tabla con los porcentajes de desviación frente a las trayectorias de los Principios de Poseidón que el informe 2024 detallaba con un 9.1% y 14.4% para 2023, sustituyéndola por una referencia general a un informe externo.",pag 37,pag 27,
UBS,CRE,M/F,Incorporación de una nueva fuente de mitigación y avance en la reducción de intensidad.,El informe 2025 introduce la metodología de contabilizar el impacto de los sistemas fotovoltaicos en los tejados y muestra que la reducción de la intensidad de emisiones del portafolio pasó del 9% (28.5 kg CO2e/m2 ERA) al cierre de 2023 en el informe 2024 al 10% (28.0 kg CO2e/m2 ERA) al cierre de 2024 en el informe 2025.,pag 27,pag 22,
UBS,RRE,M/F,Inclusión del impacto fotovoltaico y aceleración en la descarbonización del sector residencial.,"La reducción de la intensidad de emisiones progresó del 11% (34.4 kg CO2e/m2 ERA) al cierre de 2023 según el informe 2024 al 15% (33.0 kg CO2e/m2 ERA) al cierre de 2024 según el informe 2025, incorporando además desde 2024 la medición del impacto de los sistemas fotovoltaicos instalados.",pag 27,pag 22,
UBS,Coal,N,Sin cambios significativos en el objetivo sectorial al reportarse de manera agregada con los combustibles fósiles.,"Las métricas y objetivos para el carbón se presentan integrados dentro de la categoría de combustibles fósiles con una meta de reducción absoluta del 70% para 2030 en ambos informes, mencionando el informe 2024 una reducción de exposición previa pero sin aislar datos numéricos independientes en los cuadros de mando de préstamos de 2025.",pag 27,pag 22,
UBS,Aluminium,N,Sin cambios significativos al no existir metas de descarbonización fijadas.,"El sector de aluminio no cuenta con objetivos de descarbonización de la cartera de préstamos en ninguno de los dos ejercicios, registrándose exclusivamente dentro del inventario de emisiones facilitadas en transacciones de mercados de capitales.",pag 38,pag 35,
UBS,Agriculture,M/F,Incorporación de las emisiones financiadas y facilitadas del sector agrícola en el reporte.,"El informe 2025 incluye por primera vez el cálculo y divulgación de las emisiones financiadas asociadas al sector de la agricultura, actualizando retroactivamente los datos correspondientes a 2023 que en el informe 2024 se habían excluido explícitamente por falta de disponibilidad de datos de terceros.",pag 38,pag 28,
Goldman Sachs,Oil&Gas,F,La intensidad física se mantuvo estable en los primeros años y mostró una reducción moderada que se ha sostenido constante entre 2022 y 2023.,"La métrica abarca los alcances 1 a 3. La línea base de 2019 y el dato de 2021 se situaron en 72 gCO2e/MJ. En el informe de 2025, la intensidad reportada bajó a 67 gCO2e/MJ tanto para 2022 como para 2023. El objetivo sectorial para 2030 es de 56-60 gCO2e/MJ.",pag 68,pag 43,
Goldman Sachs,Power,D,"La intensidad de emisiones de la cartera disminuyó significativamente respecto al año base, aunque experimentó un ligero aumento entre 2022 y 2023","En el informe de 2023, la intensidad física reportada (para 2021) fue de 296 kgCO2e/MWh frente a una línea base de 417 kgCO2e/MWh en 2019. En el informe de 2025, la intensidad se sitúa en 259 kgCO2e/MWh para el año 2022 y sube levemente a 265 kgCO2e/MWh en 2023. El objetivo para 2030 es llegar a 147-219 kgCO2e/MWh.",pag 68,pag 43,
Goldman Sachs,Steel,N,Sector no reportado en ningún informe,-,-,-,
Goldman Sachs,Automotive,D,Repunte notable de intensidad en 2023.,"En 2021, la intensidad se redujo a 119 gCO2e/km desde una línea base de 152 gCO2e/km en 2019. En 2022 continuó bajando hasta los 112 gCO2e/km, pero en 2023 repuntó a 149 gCO2e/km. El informe señala que este aumento se debió principalmente a una disminución en la actividad de suscripción (underwriting) con fabricantes de baterías para vehículos eléctricos en 2023, tras una actividad significativamente mayor en 2022.",pag 68,pag 43,
Goldman Sachs,Cement,N,Sector no reportado en ningún informe,-,-,-,
Goldman Sachs,Aviation,N,Sector no reportado en ningún informe,-,-,-,
Goldman Sachs,Shipping,N,Sector no reportado en ningún informe,-,-,-,
Goldman Sachs,CRE,N,Sector no reportado en ningún informe,-,-,-,
Goldman Sachs,RRE,N,Sector no reportado en ningún informe,-,-,-,
Goldman Sachs,Coal,N,Sector no reportado en ningún informe,-,-,-,
Goldman Sachs,Aluminium,N,Sector no reportado en ningún informe,-,-,-,
Goldman Sachs,Agriculture,N,Sector no reportado en ningún informe,-,-,-,
BBVA,Oil&Gas,M/D,Discrepancia metodológica en la línea base por expansión de perímetro,"El valor de las emisiones absolutas del año base 2023 se ha re-expresado, cambiando de 3,2 MtCO2e en el informe 2024 a 3,8 MtCO2e en el de 2025 debido a la inclusión de actividades 'midstream', lo que representa un impacto deficiente en la comparabilidad al no haberse transparentado un reajuste proporcional en el porcentaje del objetivo final.",pag 155,pag 163,
BBVA,Power,M/F,Actualización de escenario base y mejora de ambición,"La intensidad de emisiones experimentó una reducción acelerada al pasar de 145 kgCO2e/MWh reportados en 2024 a 122 kgCO2e/MWh en 2025, un cambio positivo impulsado por la adopción del escenario actualizado NZE 2023 de la Agencia Internacional de la Energía que fortalece la trayectoria a 2030.",pag 154,pag 162,
BBVA,Steel,D,Incremento brusco e injustificado de la intensidad de emisiones,"Se identifica un repunte atípico en la intensidad física del portfolio que pasa de 1,25 tCO2e/t de acero en el informe 2024 a 1,40 tCO2e/t en el informe 2025, alejando severamente al banco de su senda de reducción sin que se ofrezca una justificación explícita sobre esta desviación.",pag 158,pag 166,
BBVA,Automotive,N,Sin cambios significativos,"La métrica de intensidad física (gCO2/km) evoluciona con normalidad siguiendo la trayectoria prevista, sin mostrar variaciones bruscas o cambios de perímetro entre 2024 y 2025 que resulten significativos para el análisis.",pag 160,pag 168,
BBVA,Cement,N,Sin cambios significativos,"La evolución de la cartera confirma una senda de descarbonización estable y alineada con el objetivo vigente, sin presentar alteraciones metodológicas, subidas bruscas ni inconsistencias cuantitativas entre la publicación de 2024 y la de 2025.",pag 157,pag 165,
BBVA,Aviation,F,Incorporación de compromisos para el sector de carga aérea,"Mientras que la medición en el informe 2024 se limitaba exclusivamente a las aerolíneas comerciales de pasajeros, el informe 2025 fortalece el perímetro al integrar oficialmente el transporte de carga y consolidar un nuevo objetivo conjunto de reducción del 18% para 2030.",pag 161,pag 170,
BBVA,Shipping,M,Transición hacia los Poseidon Principles v4,"La metodología de medición cambia drásticamente al abandonar el indicador AER estándar del informe 2024 para adoptar en 2025 la nueva trayectoria de alineamiento de los Poseidon Principles v4, lo que imposibilita la comparativa directa de las puntuaciones de la cartera naval entre ambos ejercicios.",pag 163,pag 174,
BBVA,CRE,N,No reportado en ningún informe,"La entidad no reporta objetivos de descarbonización, escenarios de referencia ni métricas de intensidad para este sector inmobiliario en ninguno de los dos informes anuales analizados.",-,-,
BBVA,RRE,N,No reportado en ningún informe,"La entidad no reporta objetivos de descarbonización, escenarios de referencia ni métricas de intensidad para este sector hipotecario en ninguno de los dos informes anuales analizados.",-,-,
BBVA,Coal,F,Adelanto en la fecha límite del 'phase-out' global,"El banco incrementa su ambición climática al adelantar el compromiso de eliminación total de su exposición al carbón térmico a nivel global, pasando de la meta fijada para 2040 en el informe 2024, a un nuevo límite establecido en 2038 en el informe 2025.",pag 165,pag 176,
BBVA,Aluminium,F,Primera fijación de objetivo para el sector,"El sector se incorpora como una nueva métrica en el informe de 2025 estableciendo un objetivo fundacional de reducción de intensidad del 25% para 2030, por lo que carece de comparativa cuantitativa al no estar incluido en el perímetro del informe 2024.",-,pag 172,
BBVA,Agriculture,N,No reportado en ningún informe,"La entidad no reporta objetivos de descarbonización, escenarios de referencia ni métricas de intensidad para la cartera del sector primario en ninguno de los dos informes anuales analizados.",-,-,
BNP,Oil&Gas,N,Información no disponible,,,,
BNP,Power,N,Información no disponible,,,,
BNP,Steel,N,Información no disponible,,,,
BNP,Automotive,N,Información no disponible,,,,
BNP,Cement,N,Información no disponible,,,,
BNP,Aviation,N,Información no disponible,,,,
BNP,Shipping,N,Información no disponible,,,,
BNP,CRE,N,Información no disponible,,,,
BNP,RRE,N,Información no disponible,,,,
BNP,Coal,N,Información no disponible,,,,
BNP,Aluminium,N,Información no disponible,,,,
BNP,Agriculture,N,Información no disponible,,,,
