Banco,Sector,Sector normalizado,"Alcance (subsector o actividades, y alcance de emisiones, 1,2,3)","Sector Boundaries (parte de la cadena de valor, por ejemplo upstream, manufactures...)","Activities scope (Ammount drawn, undrawn, Debt financing,  Equity financing,  Capital markets...)",Cobertura Geográfica,"Cobertura de la entidad (CIB, Retail, etc)",Metodología de referencia,Escenario de referencia (Contempla un rango),Métrica del objetivo,Data source,Año base,Último año reportado,Año Objetivo,Emisiones o Intensidad año base,Emisiones o Intensidad año 2023,Emisiones o Intensidad año 2024,Emisiones o Intensidad año 2025,Emisiones o Intensidad año 2026,Emisiones o Intensidad año objetivo,Porcentaje de reducción (año base vs año objetivo),Porcentaje de reducción (YTD),CAGR Anual Objetivo,Cumplimiento/alineamiento,Validación por un tercero,Moneda,Portfolio Amount sujeta al objetivo ($bn),Peso dentro del Portfolio (incluye portfolio total),Media del mercado para el año actual,Emisiones absolutas,Emisiones Facilitadas,Volumen de financiacion/movilización sostenible,ESBR o ESR,Porcentaje de CAPEX Verde de las Contrapartes,Implied Temperature Rise (ITR),Climate - Related Value at Risk (CVaR),Plan de transición definido,Última actualización,Fuente de información,Página (Link),Comentarios
Banco Santander S.A.,Generación de energía eléctrica,Power,Scope 1,Upstream - Generation,,Global,CIB,PCAF,IEA NZE2050 - APS (2024),kgCO2e/MWh,,2023,2024,2030,149,149,88,,,102,"0,32","-0,41",,,,EUR,"12,16 (2024)",,,"2,07 MtCO2e (2024)",,174 €bn acumulado 2019-2025,,,,,Sí,46054,Santander Informe anual 2025,"p. 61, 65, 137",
Banco Santander S.A.,Generación de energía eléctrica,Power,Scope 1,Upstream - Generation,,Global,CIB,PCAF,IEA NZE2050 - APS (2024),kgCO2e/MWh,,2023,2024,2030,149,149,88,,,124,"0,17","-0,41",,,,EUR,"12,16 (2024)",,,"2,07 MtCO2e (2024)",,174 €bn acumulado 2019-2025,,,,,Sí,46054,Santander Informe anual 2025,"p. 61, 65, 137",
Banco Santander S.A.,Petróleo y gas,Oil & Gas,Scope 1+2,Upstream - Extraction; Integrated/Diversified,,Global,CIB,PCAF,IEA NZE2050 - APS (2023),tCO2e/TJ,,2023,2024,2030,"3,08","3,08","3,15",,,"2,31","0,25","0,02",,,,EUR,"5,44 (2024)",,,"0,71 MtCO2e (2024)",,,,,,,Sí,46054,Santander Informe anual 2025,"p. 61, 65, 137",El alcance 3 se monitoriza mediante el índice de energía primaria.
Banco Santander S.A.,Petróleo y gas,Oil & Gas,Scope 1+2,Upstream - Extraction; Integrated/Diversified,,Global,CIB,PCAF,IEA NZE2050 - APS (2023),tCO2e/TJ,,2023,2024,2030,"3,08","3,08","3,15",,,"3,03","0,02","0,02",,,,EUR,"5,44 (2024)",,,"0,71 MtCO2e (2024)",,,,,,,Sí,46054,Santander Informe anual 2025,"p. 61, 65, 137",El alcance 3 se monitoriza mediante el índice de energía primaria.
Banco Santander S.A.,Acero,Steel,Scope 1+2,Upstream - Manufacturing,,Global,CIB,PCAF,IEA NZE2050 - APS (2024),tCO2e/tS,,2023,2024,2030,"1,47","1,47","1,51",,,"1,17","0,20","0,03","-3,21%",,,EUR,"1,47 (2024)",,,"1,36 MtCO2e (2024)",,,,,,,Sí,46054,Santander Informe anual 2025,"p. 61, 65, 137",
Banco Santander S.A.,Acero,Steel,Scope 1+2,Upstream - Manufacturing,,Global,CIB,PCAF,IEA NZE2050 - APS (2024),tCO2e/tS,,2023,2024,2030,"1,47","1,47","1,51",,,"1,28","0,13","0,03","-1,96%",,,EUR,"1,47 (2024)",,,"1,36 MtCO2e (2024)",,,,,,,Sí,46054,Santander Informe anual 2025,"p. 61, 65, 137",
Banco Santander S.A.,Fabricación de automóviles,Automotive,Scope 3,Downstream - Manufacturing; End product (Uso de productos vendidos),,Global,CIB,PCAF,IEA NZE2050 - APS (2024),gCO2e/vkm,,2023,2024,2030,135,135,128,,,80,"0,41","-0,05",,,,EUR,"3,65 (2024)",,,"2,15 MtCO2e (2024)",,,,,,,Sí,46054,Santander Informe anual 2025,"p. 61, 66, 137",
Banco Santander S.A.,Fabricación de automóviles,Automotive,Scope 3,Downstream - Manufacturing; End product (Uso de productos vendidos),,Global,CIB,PCAF,IEA NZE2050 - APS (2024),gCO2e/vkm,,2023,2024,2030,135,135,128,,,98,"0,27","-0,05",,,,EUR,"3,65 (2024)",,,"2,15 MtCO2e (2024)",,,,,,,Sí,46054,Santander Informe anual 2025,"p. 61, 66, 137",
Banco Santander S.A.,Carbón térmico,Thermal Coal Mining,,Generation (>10% ingresos); Mining,,Global,CIB,,No declarado,Miles de millones de euros,,,2025,2030,,"4,4","4,2","2,3",,0,,,,,,EUR,"2,3 (2025)",,,,,,,,,,Sí,46054,Santander Informe anual 2025,"p. 61, 67, 68",Objetivo de eliminación gradual de la exposición.
Banco Santander S.A.,Energía primaria,Power,Scope 3,Upstream - Generation; Midstream - Distribution; Downstream - End product,,Global,Whole bank,PCAF,No declarado,tCO2e/TJ,,,2024,Seguimiento,,"45,1",42,,,,,,,,,EUR,"17,12 (2024)",,,"12,65 MtCO2e (2024)",,,,,,,Sí,46054,Santander Informe anual 2025,"p. 61, 68, 137",
Banco Santander S.A.,Aviación,Aviation,Scope 1,Downstream - Airliners,,Global,CIB,PCAF,No declarado,gCO2e/RPK,,,2024,Seguimiento,,83,78,,,,,,,,,EUR,"0,53 (2024)",,,"0,46 MtCO2e (2024)",,,,,,,Sí,46054,Santander Informe anual 2025,"p. 61, 68, 137",Pasó de objetivo a seguimiento en 2025.
Banco Santander S.A.,Inmuebles comerciales,Commercial Real Estate,Scope 1+2,Downstream - Owners,,España; Reino Unido; Portugal,Retail & Commercial Banking,PCAF,No declarado,kgCO2e/m²,,,2024,Seguimiento,,"22,89","26,14",,,,,,,,,EUR,"18,82 (2024)",,,"0,31 MtCO2e (2024)",,,,,,,Sí,1/02/2026 0:00:00,Santander Informe anual 2025,"p. 61, 70, 137",
Banco Santander S.A.,Hipotecas,Residential Real Estate,Scope 1+2,Downstream - Homeowners,,España; Reino Unido; Portugal,Retail & Commercial Banking,PCAF,No declarado,kgCO2e/m²,,,2024,Seguimiento,,"21,06",19,,,,,,,,,EUR,"284,13 (2024)",,,"2,19 MtCO2e (2024)",,,,,,,Sí,46054,Santander Informe anual 2025,"p. 61, 70, 137",
Banco Santander S.A.,Agricultura,Agriculture,Scope 1+2,"Midstream - On Farm (Soja, maíz, ganado vacuno)",,Brasil,Retail & Commercial Banking,PCAF,No declarado,MtCO2e,,,2024,Seguimiento,,"8,41","7,12",,,,,,,,,EUR,"2,46 (2024)",,,"7,12 MtCO2e (2024)",,,,,,,Sí,46054,Santander Informe anual 2025,"p. 61, 69, 137",
"CaixaBank, S.A.",Eléctrico,Power,Scope 1,Generación,Debt financing; Equity financing,Global,Whole bank,PCAF,IEA Net Zero 2050,kgCO2e/MWh,,2020,2025,2030,136,105,"93,4","78,5",,95,"0,30","-0,31","4,35",ahead of target,,EUR,,,,"1,262 MtCO2e (2025)",,,,,,,Sí,45992,2025 Informe de Gestión Consolidado,"pp. 283, 286, 309",CAGR calculado sobre base 136 y objetivo 95 a 10 años. Alineamiento indicado como superior al objetivo de 2030.
"CaixaBank, S.A.",Petróleo y gas,Oil & Gas,Scope 1+2+3,Exploración y producción; distribución y refino empresas integradas,Amount drawn,Global,Whole bank,PCAF,IEA Net Zero 2050,MtCO2e,,2020,2025,2030,"9,1","5,6","5,9","4,9",,7,"0,23","-0,35","2,59",ahead of target,,EUR,,,,"1,346 MtCO2e (2025)",,,,,,,Sí,45992,2025 Informe de Gestión Consolidado,"pp. 283, 287, 309",CAGR calculado para reducción del 23% en 10 años. Reducción acumulada del 46% supera objetivo 2030.
"CaixaBank, S.A.",Automoción,Automotive,Scope 3,Producción de vehículos,Debt financing; Equity financing,Global,Whole bank,PCAF,IEA Net Zero 2050,gCO2e/vkm,,2022,2025,2030,"154,1",146,146,"163,9",,"103,1","0,33","-0,05",,no alineado,,EUR,,,,,,,,,,,Sí,45992,2025 Informe de Gestión Consolidado,"pp. 283, 288, 309",Métrica 2025 no disponible (última 2023). El valor aumentó respecto al año base (reducción negativa).
"CaixaBank, S.A.",Hierro y acero,Steel,Scope 1+2,Fabricación,Debt financing; Equity financing,Global,Whole bank,PCAF,IEA NZE 2050,kgCO2e/t acero,,2022,2025,2030,1230,1141,1073,991,,1.107,"0,10","-0,19","-1,31%",on track,,EUR,,,,,,,,,,,Sí,45992,2025 Informe de Gestión Consolidado,"pp. 283, 289, 309",Objetivo expresado como rango. Reducción YTD calculada sobre dato 2023.
"CaixaBank, S.A.",Hierro y acero,Steel,Scope 1+2,Fabricación,Debt financing; Equity financing,Global,Whole bank,PCAF,IEA NZE 2050,kgCO2e/t acero,,2022,2025,2030,1230,1141,1073,991,,984,"0,20","-0,19","-2,75%",on track,,EUR,,,,,,,,,,,Sí,45992,2025 Informe de Gestión Consolidado,"pp. 283, 289, 309",Objetivo expresado como rango. Reducción YTD calculada sobre dato 2023.
"CaixaBank, S.A.",Carbón térmico,Thermal Coal Mining,,Phase-out,Debt financing; Equity financing,Global,Whole bank,,,MM€,,2022,2025,2030,213,3154,2731,2358,,0,"100,00","11,82",,on track,,EUR,2358 €bn (2023),,,,,,,,,,Sí,45992,2025 Informe de Gestión Consolidado,"pp. 283, 290, 309",Métrica financiera (exposición). El objetivo es reducción a cero (100% de reducción).
"CaixaBank, S.A.",Inmobiliario comercial,Commercial Real Estate,Scope 1+2,Propietario no residencial,Debt financing; Equity financing,Península Ibérica,Whole bank,PCAF,CRREM 1.5ºC,kgCO2e/m2,,2022,2025,2030,"20,5","20,1","19,9",21,,"12,1","41,00","-0,03",,no alineado,,EUR,,,,,,,,,,,Sí,45992,2025 Informe de Gestión Consolidado,"pp. 283, 291, 309",Aumento de intensidad en 2023 debido a actualización de proxies.
"CaixaBank, S.A.",Inmobiliario residencial,Residential Real Estate,Scope 1+2,Propietario residencial,Debt financing; Equity financing,España; Portugal,Whole bank,PCAF,CRREM 1.5ºC,kgCO2e/m2,,2022,2025,2030,"23,57","23,7","19,8","19,5",,"19,03","19,00","-0,16",,on track,,EUR,,,,,,,,,,,Sí,45992,2025 Informe de Gestión Consolidado,"pp. 283, 292, 309",
"CaixaBank, S.A.",Aviación,Aviation,Scope 1,Propietario (Aerolíneas),Debt financing; Equity financing,Global,Whole bank,PCAF; Pegasus,MPPU 1.5º,gCO2e/RPK,,2022,2025,2030,"101,8",115,"98,9","95,3",,71,"30,00","-0,03",,on track,,EUR,,,,,,,,,,,Sí,45992,2025 Informe de Gestión Consolidado,"pp. 283, 293","Emisiones absolutas en transporte 4,589 MtCO2e (2025) agregado."
"CaixaBank, S.A.",Naval,Shipping,Scope 1,Propietario,Debt financing; Equity financing,Global,Whole bank,Principios de Poseidón,IMO 2018,%AD,,2022,2025,2030,"11,9","2,4","-4,3",,,0,"100,00","-1,36",,ahead of target,,EUR,,,,,,,,,,,Sí,45992,2025 Informe de Gestión Consolidado,"pp. 283, 294",Métrica Alignment Delta (AD%). El objetivo es 0% (alineamiento con senda IMO).
"CaixaBank, S.A.",Agropecuario,Agriculture,,Producción (Ganadería),Debt financing; Equity financing,España; Portugal,Whole bank,,SBTi FLAG 1.5ºC,kgCO2e/kg carne,,2022,,Seguimiento,,,,,,,,,,Seguimiento,,EUR,,,,"1,927 MtCO2e (2025)",,,,,,,Sí,45992,2025 Informe de Gestión Consolidado,"pp. 283, 295, 309",Objetivo cualitativo de conocimiento y perfilado de clientes.
Grupo Banco Sabadell,Electricidad,Power,Scope 1+2,Generación de electricidad,Debt financing,Global,Grandes empresas,SBTi,IEA Net Zero 2050,kg CO2e / MWh,,2020,2024,2030,61,63,40,,,45,,"-0,34",,"131,25%",,EUR,,,,40 kg CO2e / MWh (2024),,>76.000 M€ acumulado 2021-2025,,,,,Sí,46082,Informe con Relevancia Prudencial 2025,"pp. 205, 279, 280, 338",Intensidad 2024 (40) por debajo de rango objetivo 2030 (45-85). Distancia NZE2050 reportada como 0%.
Grupo Banco Sabadell,Electricidad,Power,Scope 1+2,Generación de electricidad,Debt financing,Global,Grandes empresas,SBTi,IEA Net Zero 2050,kg CO2e / MWh,,2020,2024,2030,61,63,40,,,85,,"-0,34",,"-87,50%",,EUR,,,,40 kg CO2e / MWh (2024),,>76.000 M€ acumulado 2021-2025,,,,,Sí,46082,Informe con Relevancia Prudencial 2025,"pp. 205, 279, 280, 338",Intensidad 2024 (40) por debajo de rango objetivo 2030 (45-85). Distancia NZE2050 reportada como 0%.
Grupo Banco Sabadell,Petróleo y Gas,Oil & Gas,Scope 1+2+3,Upstream & Downstream; Refino,Debt financing,Global,Grandes empresas,SBTi,IEA Net Zero 2050,Mt CO2e,,2020,2024,2030,"6,3","4,82","5,277",,,"4,851","0,23","-16,24%","-0,03","70,60%",,EUR,,,,5.277 ktCO2e (2024),,>76.000 M€ acumulado 2021-2025,,,,,Sí,46082,Informe con Relevancia Prudencial 2025,"pp. 279, 280, 338",Emisiones absolutas. Reducción YTD calculada: (6300-5277)/6300 = 16%.
Grupo Banco Sabadell,Cement,Cement,Scope 1+2,Fabricación,Debt financing,Global,Grandes empresas,SBTi,IEA NZE 2050,t CO2 / t cement,,2020,2024,2030,"0,66",609,"0,574",,,"0,51","0,23","-13,03%","-0,03","57,33%",,EUR,,,,574 kg CO2e / tn. cemento (2024),,>76.000 M€ acumulado 2021-2025,,,,,Sí,46082,Informe con Relevancia Prudencial 2025,"pp. 279, 280, 339",Reducción YTD calculada: (660-574)/660 = 13%.
Grupo Banco Sabadell,Carbón,Thermal Coal Mining,,Actividad de minería,Debt financing,Global,Whole bank,SBTi,IEA Net Zero 2050,Mn. euros,,2020,2024,2030,"2,9","0,1","1,7",,,0,"1,00","-41,38%","-1,00","41,38%",,EUR,,,,"1,7 Mn. euros (2024)",,>76.000 M€ acumulado 2021-2025,,,,Sí,,46082,Informe con Relevancia Prudencial 2025,"pp. 279, 280, 339",Objetivo de descarbonización por exposición (Phase-out).
Grupo Banco Sabadell,Hierro y acero,Steel,Scope 1+2,Fabricación,Debt financing,Global,Grandes empresas,SBTi,IEA NZE 2050,kgCO2e/t steel,,2022,2024,2030,1593,1497,1403,,,1172,"0,26","-0,12","-3,76%","45,13%",,EUR,,,,1403 kgCO2e / tn acero (2024),,>76.000 M€ acumulado 2021-2025,,,,,Sí,46082,Informe con Relevancia Prudencial 2025,"pp. 279, 280, 341",Reducción YTD calculada: (1593-1403)/1593 = 12%.
Grupo Banco Sabadell,Automoción,Automotive,Scope 3,Fabricación / OEMs,Debt financing,Global,Grandes empresas,SBTi,IEA Net Zero 2050,gCO2e/vkm,,2022,2024,2030,211,220,183,,,124,"0,41","-13,27%","-0,06","32,18%",,EUR,,,,183 gCO2e / vkm (2024),,>76.000 M€ acumulado 2021-2025,,,,,Sí,46082,Informe con Relevancia Prudencial 2025,"pp. 279, 280, 341",Scope 3 asociado al uso de vehículos vendidos. Reducción YTD calculada: (211-183)/211 = 13%.
Grupo Banco Sabadell,Aviación,Aviation,Scope 1+2,Aerolíneas,Debt financing,Global,Grandes empresas,SBTi,IEA Net Zero 2050,gCO2e / rpk,,2022,2024,2030,94,90,91,,,65,"0,31","-3,19%","-0,05","10,34%",,EUR,,,,91 gCO2e / rpk (2024),,>76.000 M€ acumulado 2021-2025,,,,,Sí,46082,Informe con Relevancia Prudencial 2025,"pp. 279, 280, 342",Reducción YTD calculada: (94-91)/94 = 3%.
Grupo Banco Sabadell,Hipotecas residenciales,Residential Real Estate,Scope 1+2,Propietario; Downstream - Residential mortgages,Debt financing,España,Retail,SBTi,CRREM 1.5ºC,kg CO2e / m2,,2023,2024,2030,"20,9","20,9","20,7",,,"16,8","0,20","-0,96%","-0,03","4,88%",,EUR,,,,"20,7 kg CO2e / m2 (2024)",,>76.000 M€ acumulado 2021-2025,,,,,Sí,46082,Informe con Relevancia Prudencial 2025,"pp. 279, 280, 337","Reducción YTD calculada: (20,9-20,7)/20,9 = 1%."
Grupo Banco Sabadell,Inmobiliario comercial,Commercial Real Estate,Scope 1+2,Propietario,Debt financing,España,Whole bank,SBTi,CRREM 1.5ºC,kg CO2e / m2,,2023,2024,2030,"25,7","25,7","22,4",,,"12,6","0,51","-12,84%","-0,10","25,19%",,EUR,,,,"22,4 kg CO2e / m2 (2024)",,>76.000 M€ acumulado 2021-2025,,,,,Sí,46082,Informe con Relevancia Prudencial 2025,"pp. 279, 280","Reducción YTD calculada: (25,7-22,4)/25,7 = 13%."
Grupo Banco Sabadell,Aluminio,Aluminum,Scope 1+2,Producción,Debt financing,Global,Grandes empresas,SBTi,IAI 1.5º,kg CO2e / tn. Aluminio,,2023,2024,2030,645,645,708,,,549,"0,15","9,77%","-0,02","-65,63%",,EUR,,,,708 kg CO2e / tn. Aluminio (2024),,>76.000 M€ acumulado 2021-2025,,,,,Sí,46082,Informe con Relevancia Prudencial 2025,"pp. 279, 280, 342",Intensidad empeoró un 10% YTD.
Grupo Banco Sabadell,Transporte Marítimo,Shipping,Scope 1+3,Operador; Armadores,Debt financing,Global,Whole bank,SBTi,IMO,Delta gCO2e / tnm,,2023,2024,2030,25,25,28,,,0,"10,71","12,00%","-1,00","-12,00%",,EUR,,,,28 Delta gCO2e / tnm (2024),,>76.000 M€ acumulado 2021-2025,,,,,Sí,46082,Informe con Relevancia Prudencial 2025,"pp. 279, 280",Métrica Alignment Delta (AD%).
Grupo Banco Sabadell,Hipotecas residenciales (TSB),Residential Real Estate,Scope 1+2,Propietarios,Debt financing,Reino Unido,Retail,SBTi,IEA ETP B2DS,kgCO2e / m2,,2022,2022,2030,"20,14",,,,,"11,75","0,42","-0,03","-0,07","240,05%",,EUR,,,,,,>76.000 M€ acumulado 2021-2025,,,,,Sí,46082,Informe con Relevancia Prudencial 2025,p. 279,Objetivo específico para la filial TSB.
Societe Generale S.A.,Oil and Gas,Oil & Gas,"Scopes 1 and 2 +
Scope 3.11","Upstream, midstream and downstream",Absolute emissions,Global,CIB,PACTA,IEA NZE 2050,MtCO2 eq,,2019,2025,2030,"24,8",,,"7,9",,"7,5","0,70","76,00","17,46",Ahead of target,,EUR,,,,"7,9 MtCO2eq (2025)",,,,,,,Sí,2026,Universal Registration Document 2026,pp. 307-311,El valor 2025 es del Q3. Reducción exposición 76% YTD. Reducción absoluta emisiones meta 70%.
Societe Generale S.A.,Power,Power,Scope 1+2,Power generation,,Global,CIB,PACTA,IEA NZE 2050,gCO2eq/kWh,,2019,2025,2030,219,,,85,,125,"0,43","61,00","10,56",Ahead of target,,,,,,,,,,,,,Sí,2026,Universal Registration Document 2026,pp. 307-311,Valor 2025 es del Q3. Objetivo intensidad 125 para 2030.
Societe Generale S.A.,Thermal Coal,Thermal Coal Mining,,Power generation and thermal coal mining,Gross commitments,Global,Whole bank,,IEA NZE 2050,"EURm, Index 100",,2019,2025,2030,100,,,30,,0,"100,00",,,On track,,EUR,,,,,,,,,,,Sí,2026,Universal Registration Document 2026,pp. 307-311,Compromiso de salida total (phase out) para 2030 (UE/OCDE) y 2040 (resto).
Societe Generale S.A.,Shipping,Shipping,Scope 1 + 3.3,Ships from shipowners and operators,,Global,CIB,Poseidon Principles,IMO Striving for,Alignment score,,2022,2024,2030,"24,2",,"7,9",,,15,"38,00","14,00",,,,,,,,,,,,,,,Sí,2026,Universal Registration Document 2026,pp. 307-311,Puntuación +7.9% en 2024. Meta es alineamiento 0 (o score negativo).
Societe Generale S.A.,Aviation,Aviation,Scope 1 + 3.3,Airlines and Lessors,,Global,CIB,Pegasus Guidelines,MPP PRU,gCO2eq/RTK,,2019,2025,2030,950,,,821,,775,"18,00","14,00","3,27",On track,,,,,,,,,,,,,Sí,2026,Universal Registration Document 2026,pp. 307-311,Valor 2025 es del Q3.
Societe Generale S.A.,Cement,Cement,Scope 1+2,Cement producers,,Global,CIB,PACTA,IEA NZE 2050,t CO2 / t cement,,2022,2025,2030,"0,671",,,"0,639",,"0,54","0,20",,"-0,03","493,38%",,,,,,,,,,,,,Sí,2026,Universal Registration Document 2026,pp. 307-311,Reducción intensidad del 5% al Q3 2025.
Societe Generale S.A.,Steel,Steel,Scope 1+2,Crude Steel producers,,Global,CIB,Sustainable Steel Principles,IEA NZE 2050,SSP-defined alignment score,,2022,2025,2030,0,,,"0,16",,0,,,,On track,,,,,,,,,,,,,Sí,2026,Universal Registration Document 2026,pp. 307-311,Score 0.16 al Q3 2025. Meta alineamiento total (0) en 2030.
Societe Generale S.A.,Automotive,Automotive,Scope 3,Car manufacturers,,Global,Whole bank,PACTA,IEA NZE 2050,gCO2e/vkm,,2021,2025,2030,184,,,154,,90,"0,51","16,00",,On track,,,,,,,,,,,,,Sí,2026,Universal Registration Document 2026,pp. 307-311,Basado en intensidad de carbono de nuevos vehículos vendidos.
Societe Generale S.A.,Commercial Real Estate,Commercial Real Estate,Scope 1+2,Real estate professional investors and assets,,Global,Whole bank,CRREM,CRREM v2.02,kgCO2eq/m2/y,,2022,2025,2030,49,,,47,,18,"63,00",,,On track,,,,,,,,,,,,,Sí,2026,Universal Registration Document 2026,pp. 307-311,Meta de 18 kgCO2eq/m2 para 2030.
Societe Generale S.A.,Aluminium,Aluminum,Scope 1+2+3,Aluminium producers,,Global,CIB,PACTA,IAI/MPP STS,tCO2eq/t aluminium,,2022,2025,2030,8,,,"7,6",,6,"25,00","5,00","4,71",On track,,,,,,,,,,,,,Sí,2026,Universal Registration Document 2026,pp. 307-311,Valor 2025 es del Q3. Reducción intensidad del 25% YTD.
ING Groep N.V.,Energy: Power generation,Power,Scope 1,Energy: Power Generation,Amount drawn; Undrawn commitments,Global,Wholesale Banking,PACTA,"IEA NZE (WEO, 2023)",kg CO2e / MWh,,2018,2025,2030,297,,63,"43,6",,66,"0,78","85,00",,85% de avance respecto al objetivo de 2030,SBTi validado,EUR,"13,3 €bn (2025)","44 (portfolio total: 26,5 €bn)",,"6,765 ktCO2e (2025)",,,,,,,Sí,46054,ING Group Annual Report 2025,"pp. 113, 114, 116, 126",Porcentaje de cumplimiento (85%) extraído de p. 114. Portfolio total Power generation incluye actividades fuera de Terra.
ING Groep N.V.,Energy: Oil & Gas (Upstream),Oil & Gas,Scope 1+2+3,Upstream - Oil & Gas extraction,,Global,Wholesale Banking,PCAF,"IEA NZE (WEO, 2023)",MtCO2 eq,,2019,2025,2030,99,,,"12,2",,50,"0,49","71,00",,71% de avance respecto al objetivo de 2040,SBTi validado,EUR,"1,9 €bn (2025)",,,"12,2 Mt CO2e (2025)",,,,,,,Sí,46054,ING Group Annual Report 2025,"pp. 113, 115, 116, 126","Objetivo final es fase-out (0) en 2040. Emisiones absolutas incluyen Scope 1, 2 y 3. El portfolio amount se reporta como limites de crédito."
ING Groep N.V.,Energy: Oil & Gas (Mid- and Downstream),Oil & Gas,Scope 1+2,Midstream; Downstream - Processing; transport; storage; handling; liquefaction; refining,Amount drawn; Undrawn commitments,Global,Wholesale Banking,Convergence approach,"IEA NZE (Emissions from Oil and Gas Operations in Net Zero Transitions, 2023)",kg CO2e / boe,,2022,2025,2030,"19,2",,"19,1",19,,"14,5","0,24","-1,04%",,1% de avance,No validado,EUR,"5,6 €bn (2025)","19 (portfolio total: 14,7 €bn)",,"23,101 ktCO2e (2025)",,,,,,,Sí,46054,ING Group Annual Report 2025,"pp. 113, 115, 116, 126","Emisiones absolutas calculadas sumando Scope 1, 2 y 3 de la tabla de Financed Emissions p. 126."
ING Groep N.V.,Cement,Cement,Scope 1+2,Downstream - Cement production,Amount drawn; Undrawn commitments,Global,Wholesale Banking,PACTA,"IEA NZE (WEO, 2023)",t CO2 / t cement,,2020,2025,2030,"0,734",,"0,688","0,695",,"0,52","0,29","-5,31%","-0,03","21,40%",SBTi validado,EUR,"0,6 €bn (2025)",100,,"1,542 ktCO2e (2025)",,,,,,,Sí,46054,ING Group Annual Report 2025,"pp. 113, 118, 126","Intensidad aumentó en 2025 respecto a 2024. Emisiones absolutas sumando Scope 1, 2 y 3 p. 126."
ING Groep N.V.,Steel,Steel,Scope 1+2+3,Midstream - Steel production,Amount drawn; Undrawn commitments,Global,Wholesale Banking,Sustainable STEEL Principles,"IEA NZE (WEO, 2021) / MPP’s Technology Moratorium",SSP percentage deviation,,,2025,2030,,,"5,1","5,4",,0,,,,"Misaligned (+5,4%)",SBTi validado,EUR,"2,1 €bn (2025)",91,"1,90 tCO2/t steel","2,400 ktCO2e (2025)",,,,,,,Sí,46054,ING Group Annual Report 2025,"pp. 113, 119, 126","Métrica es desviación porcentual vs el escenario. Intensidad reportada en 2025 es 1,90 tCO2/t steel."
ING Groep N.V.,Automotive,Automotive,Scope 3,Downstream - Passenger car manufacturing (Producers),Amount drawn; Undrawn commitments,Global,Wholesale Banking,PACTA,"IEA NZE (Net Zero by 2050, 2021)",gCO2e/vkm,,2020,2025,2030,"0,199",,"0,146","0,15",,"0,101","0,49","-24,62%",,24% de avance,SBTi validado,EUR,"4,0 €bn (2025)",100,,"5,435 ktCO2e (2025)",,,,,,,Sí,46054,ING Group Annual Report 2025,"pp. 113, 120, 126",Scope 3 cubre Cat 11 (uso de productos vendidos). Emisiones absolutas sumando Scope 1+2 y Scope 3 p. 126.
ING Groep N.V.,Aviation,Aviation,Scope 1+3,Downstream - Airline services,Amount drawn; Undrawn commitments,Global,Wholesale Banking,Pegasus Guidelines,MPP PRU,g CO2e / RTK,,2023,2024,2030,844,844,861,,,681,"19,00","2,01%",,2% de retroceso (-2%),SBTi validado,EUR,"4,8 €bn (2024)",,,"3,985 ktCO2e (2025)",,,,,,,Sí,46054,ING Group Annual Report 2025,"pp. 113, 121, 126",Dato reportado con un año de retraso (2024). Emisiones absolutas p. 126 corresponden a 2025.
ING Groep N.V.,Shipping,Shipping,Scope 1+3,Downstream - Ship operators/owners,Amount drawn; Undrawn commitments,Global,Wholesale Banking,Poseidon Principles,DNV 1.5°C Initiative,Alignment delta,,,2024,2030,,"-7,6","-4,6",,,0,,#DIV/0!,,"Aligned (-4,6%)",No validado,EUR,"8,6 €bn (2024)",,,"3,840 ktCO2e (2025)",,,,,,,Sí,46054,ING Group Annual Report 2025,"pp. 113, 122, 126",Dato reportado con un año de retraso (2024). Delta de alineamiento negativo indica cumplimiento.
ING Groep N.V.,Commercial real estate,Commercial Real Estate,Scope 1+2,Downstream - Building ownership,Amount drawn; Undrawn commitments,Holanda,Wholesale Banking; Business Banking,PCAF; CRREM,CRREM 1.5°C GHG pathways,kg CO2e / m2,,2022,2025,2030,37,,"36,1",34,,"16,2","56,00","-8,11%",,8% de avance,SBTi validado,EUR,"27,8 €bn (2025)",,,"1,042 ktCO2e (2025)",,,,,,,Sí,46054,ING Group Annual Report 2025,"pp. 113, 123, 126",Cobertura actual: WB RE y BB RE NL. Emisiones absolutas sumando Wholesale y Business Banking CRE p. 126.
ING Groep N.V.,Residential real estate,Residential Real Estate,Scope 1+2,Downstream - Residential mortgages,Amount drawn,Holanda; Bélgica; Alemania; Polonia; España,Retail,PCAF; CRREM,No declarado,kg CO2e / m2,,2021,2025,Seguimiento,"39,8",,"37,5","35,5",,,,"-10,80%",,,No validado,EUR,"315,0 €bn (2025)",85,,"5,759 ktCO2e (2025)",,,,,,,Sí (parcial),46054,ING Group Annual Report 2025,"pp. 113, 124, 126","No tiene objetivo 2030 formalizado en la tabla resumen. Reducción YTD calculada: (39,8-35,5)/39,8 = 10,8%."
Intesa Sanpaolo S.p.A.,Agriculture - Primary Farming,Agriculture,Scope 1+2,Primary farming,Amount drawn,Global,Whole bank,SBTi; PCAF; SDA,IEA NZE2050,tCO2eq/€mln revenue,,2022,2025,2030,721,662,675,671,,641,"11,00","-6,93%",,on track,SBTi validado,EUR,"0,9 €bn ","0,2 %",,"0,9 MtCO2e (2025)",,€76bn (2021-2025),,,,,Sí,,Annual Report 2025,"p. 192, 195, 201",Reducción del 11% calculada entre 721 (2022) y 641 (2030).
Intesa Sanpaolo S.p.A.,Aluminium,Aluminum,Scope 1+2,Aluminium producers,Amount drawn,Global,Whole bank,SBTi; PCAF; SDA,IEA NZE2050,tCO2eq/t Aluminium,,2022,2025,2030,"4,79","4,33","4,38","3,03",,"4,31","10,00","-36,74%",,ahead of target,SBTi validado,,"0,2 €bn ","0,04 %",,"0,1 MtCO2e (2025)",,€76bn (2021-2025),,,,,Sí,,Annual Report 2025,"p. 192, 196, 201","Reducción del 10% calculada entre 4,79 (2022) y 4,31 (2030)."
Intesa Sanpaolo S.p.A.,Automotive,Automotive,Scope 3,Passenger cars and light trucks manufacturing,Amount drawn,Global,Whole bank,SBTi; PCAF; SDA,IEA NZE2050,gCO2e/vkm,,2022,2025,2030,192,185,192,175,,100,"0,48","-8,85%",,on track,SBTi validado,,"1,8 €bn ","0,4 %",,"1,1 MtCO2e (2025)",,€76bn (2021-2025),,,,,Sí,,Annual Report 2025,"p. 192, 196, 201",Métrica: gCO2eq/vkm (Well-to-Wheel).
Intesa Sanpaolo S.p.A.,Cement,Cement,Scope 1+2,Cement and clinker producers,Amount drawn,Global,Whole bank,SBTi; PCAF; SDA,IEA NZE 2050,t CO2 / t cement,,2022,2025,2030,"0,65","0,65","0,64","0,63",,"0,50","0,23","-3,08%",,"6,67%",SBTi validado,,"0,2 €bn ","0,04 %",,"0,3 MtCO2e (2025)",,€76bn (2021-2025),,,,,Sí,,Annual Report 2025,"p. 192, 197, 201",
Intesa Sanpaolo S.p.A.,Coal Mining,Thermal Coal Mining,,Coal mining,Amount drawn,Global,Whole bank,,No declarado,€ bn exposure,,2021,2025,2025,"0,2","0,03","0,01","0,01",,0,"100,00","-95,00%",,on track,,EUR,"0,01 €bn ","0,002 %",,0 MtCO2e (2025),,€76bn (2021-2025),,,,,Sí,,Annual Report 2025,"p. 191, 201",Objetivo de salida total (phase-out) para 2025.
Intesa Sanpaolo S.p.A.,Iron & Steel,Steel,Scope 1+2,Crude steel production,Amount drawn,Global,Whole bank,SBTi; PCAF; SDA,ISP specific 1.5 ºC - pathway calculated through SBTi tool,tCO2/t steel,,2022,2025,2030,"1,05",1,"0,82","0,9",,"0,81","0,23","-0,14","-3,19%",on track,SBTi validado,,"0,9 €bn ","0,2 %",,1 MtCO2e (2025),,€76bn (2021-2025),,,,,Sí,,Annual Report 2025,"p. 192, 198, 201",
Intesa Sanpaolo S.p.A.,Oil & Gas,Oil & Gas,Scope 1+2+3,Upstream; Midstream; Downstream,Amount drawn; Debt financing,Global,Whole bank,SBTi; PCAF; SDA,IEA NZE2050,gCO2eq/MJ,,2021,2025,2030,64,64,64,63,,52,"0,19","-1,56%",,on track,SBTi validado,,"3,1 €bn ","0,7 %",,"10,9 MtCO2e (2025)",,€76bn (2021-2025),,,,,Sí,,Annual Report 2025,"p. 191, 198, 201",Objetivo expresado como rango (52-58).
Intesa Sanpaolo S.p.A.,Oil & Gas,Oil & Gas,Scope 1+2+3,Upstream; Midstream; Downstream,Amount drawn; Debt financing,Global,Whole bank,SBTi; PCAF; SDA,IEA NZE2050,gCO2eq/MJ,,2021,2025,2030,64,64,64,63,,58,"0,09","-1,56%",,on track,SBTi validado,,"3,1 €bn ","0,7 %",,"10,9 MtCO2e (2025)",,€76bn (2021-2025),,,,,Sí,,Annual Report 2025,"p. 191, 198, 201",Objetivo expresado como rango (52-58).
Intesa Sanpaolo S.p.A.,Power Generation,Power,Scope 1+2,Power generation,Amount drawn,Global,Whole bank,SBTi; PCAF; SDA,IEA NZE2050,kgCO2eq/MWh,,2022,2025,2030,202,180,123,108,,110,"0,46","-46,53%",,ahead of target,SBTi validado,,"7,6 €bn ","1,8 %",,"1,4 MtCO2e (2025)",,€76bn (2021-2025),,,,,Sí,,Annual Report 2025,"p. 192, 199, 201",
Intesa Sanpaolo S.p.A.,Commercial Real Estate,Commercial Real Estate,Scope 1+2+3,Real estate use,Amount drawn,Italia,Whole bank,SBTi; PCAF; SDA,IEA NZE2050,kgCO2eq/m2,,2022,2025,2030,"43,16","44,25","38,94","36,14",,"22,11","49,00","-16,27%",,on track,SBTi validado,,"6,4 €bn ","1,5 %",,"0,4 MtCO2e (2025)",,€76bn (2021-2025),,,,,Sí,,Annual Report 2025,"p. 192, 200, 201",Sujeto a políticas gubernamentales de descarbonización de la red.
Intesa Sanpaolo S.p.A.,Residential Real Estate,Residential Real Estate,Scope 1+2+3,Residential mortgages,Amount drawn,Italia,Retail,PCAF; SDA,IEA NZE2050,kgCO2eq/m2,,2022,2025,2030,"30,13","29,67","28,77","26,88",,"19,26","36,00","-10,79%",,on track,,,"106,9 €bn ","24,8 %",,"1,8 MtCO2e (2025)",,€76bn (2021-2025),,,,,Sí,,Annual Report 2025,"p. 192, 200, 201, 202",Sujeto a descarbonización de la red eléctrica nacional.
Intesa Sanpaolo S.p.A.,Propia operativa,Commercial Real Estate,Scope 1+2,Inmuebles y flota de vehículos,,Global,Whole bank,SBTi,IEA NZE2050 - 1.5°C,tCO2eq,,2019,2025,2030,96192,,,58483,,"-0,53","53,00","39,00","7,35",on track,SBTi validado,,,,,,,€76bn (2021-2025),,,,Sí,46113,Annual Report 2025,"p. 187, 189",Objetivo de reducción del 53% en emisiones absolutas Scope 1 y 2 para 2030.,
Barclays PLC,Upstream Energy,Oil & Gas,Scope 1+2+3,"Upstream - producers of coal, oil, gas and NGLs",Amount drawn; Undrawn commitments; Capital markets facilitated,Global,CIB; Whole bank,Blue Track,IEA SDS / IEA NZE2050,MtCO2 eq,,2020,2025,2030,"74,1",,,43.74,,,"0,40","41,00",,Exceeded 2025 target,Verificado externamente - KPMG LLP,GBP,14.106 £bn (2025),4 (portfolio total: 356.8 £bn),,"13,7 MtCO2e (2025)",,500 $bn (acumulado desde 2020),,,,,Sí,46054,Barclays PLC | Annual Report 2025,"p. 36, 65, 89, 92",La reducción YTD es del 41% frente al objetivo de 15% para 2025 y 40% para 2030.
Barclays PLC,Power,Power,Scope 1,Power generation,Amount drawn; Undrawn commitments; Capital markets facilitated,Global,CIB; Whole bank,Blue Track,IEA NZE 2050,kgCO2e/MWh,,2020,2025,2030,316,,,204,,98,"0,69","35,00",,Exceeded 2025 target,Verificado externamente - KPMG LLP,GBP,18.800 £bn (2025),5 (portfolio total: 356.8 £bn),,"13,6 MtCO2e (2025)",,,,,,,Sí,46054,Barclays PLC | Annual Report 2025,"p. 36, 65, 89, 92",Re-baselined en 2025 de 311 a 316 kgCO2e/MWh.
Barclays PLC,Power,Power,Scope 1,Power generation,Amount drawn; Undrawn commitments; Capital markets facilitated,Global,CIB; Whole bank,Blue Track,IEA NZE 2050,kgCO2e/MWh,,2020,2025,2030,316,,,204,,158,"0,50","35,00",,Exceeded 2025 target,Verificado externamente - KPMG LLP,GBP,18.800 £bn (2025),5 (portfolio total: 356.8 £bn),,"13,6 MtCO2e (2025)",,,,,,,Sí,46054,Barclays PLC | Annual Report 2025,"p. 36, 65, 89, 92",Re-baselined en 2025 de 311 a 316 kgCO2e/MWh.
Barclays PLC,Cement,Cement,Scope 1+2,Cement manufacturing,Amount drawn; Undrawn commitments; Capital markets facilitated,Global,CIB; Whole bank,Blue Track,IEA NZE 2050,t CO2 / t cement,,2021,2025,2030,"0,631",,,"0,551",,"0,47","0,26","-0,13",,,Verificado externamente - KPMG LLP,GBP,0.281 £bn (2025),,,"1,5 MtCO2e (2025)",,,,,,,Sí,46054,Barclays PLC | Annual Report 2025,"p. 36, 65, 89, 92",
Barclays PLC,Cement,Cement,Scope 1+2,Cement manufacturing,Amount drawn; Undrawn commitments; Capital markets facilitated,Global,CIB; Whole bank,Blue Track,IEA NZE 2050,t CO2 / t cement,,2021,2025,2030,"0,631",,,"0,551",,"0,50","0,20","-0,13",,,Verificado externamente - KPMG LLP,GBP,0.281 £bn (2025),,,"1,5 MtCO2e (2025)",,,,,,,Sí,46054,Barclays PLC | Annual Report 2025,"p. 36, 65, 89, 92",
Barclays PLC,Steel,Steel,Scope 1+2,Steel manufacturing,Amount drawn; Undrawn commitments; Capital markets facilitated,Global,CIB; Whole bank,Blue Track,IEA NZE2050,tCO2e/t,,2021,2025,2030,1945,,,1352,,1.167,"0,40","-0,30","-5,52%",On track,Verificado externamente - KPMG LLP,GBP,0.170 £bn (2025),,,"0,8 MtCO2e (2025)",,,,,,,Sí,46054,Barclays PLC | Annual Report 2025,"p. 36, 65, 89, 92",
Barclays PLC,Steel,Steel,Scope 1+2,Steel manufacturing,Amount drawn; Undrawn commitments; Capital markets facilitated,Global,CIB; Whole bank,Blue Track,IEA NZE2050,tCO2e/t,,2021,2025,2030,1945,,,1352,,1.556,"0,20","-0,30","-2,45%",On track,Verificado externamente - KPMG LLP,GBP,0.170 £bn (2025),,,"0,8 MtCO2e (2025)",,,,,,,Sí,46054,Barclays PLC | Annual Report 2025,"p. 36, 65, 89, 92",
Barclays PLC,Automotive manufacturing,Automotive,Scope 1+2+3,Downstream - Light Duty Vehicles manufacturers,Amount drawn; Undrawn commitments; Capital markets facilitated,Global,CIB; Whole bank,Blue Track,IEA NZE2050,gCO2e/vkm,,2022,2025,2030,"174,8",,,"169,1",,"62,9","0,64","3,00",,On track,Verificado externamente - KPMG LLP,GBP,4.902 £bn (2025),,,"3,6 MtCO2e (2025)",,,,,,,Sí,46054,Barclays PLC | Annual Report 2025,"p. 36, 65, 89, 92",
Barclays PLC,Automotive manufacturing,Automotive,Scope 1+2+3,Downstream - Light Duty Vehicles manufacturers,Amount drawn; Undrawn commitments; Capital markets facilitated,Global,CIB; Whole bank,Blue Track,IEA NZE2050,gCO2e/vkm,,2022,2025,2030,"174,8",,,"169,1",,"104,9","0,40","3,00",,On track,Verificado externamente - KPMG LLP,GBP,4.902 £bn (2025),,,"3,6 MtCO2e (2025)",,,,,,,Sí,46054,Barclays PLC | Annual Report 2025,"p. 36, 65, 89, 92",
Barclays PLC,Aviation,Aviation,Scope 1+3,Commercial Aviation - Passenger and Dedicated cargo,Amount drawn; Undrawn commitments; Capital markets facilitated,Global,CIB; Whole bank,Blue Track,MPP Prudent,gCO2e/RTK,,2023,2025,2030,882,882,,866,,741-785,11-16,"2,00",,On track,Verificado externamente - KPMG LLP,GBP,2.777 £bn (2025),,,"4,6 MtCO2e (2025)",,,,,,,Sí,46054,Barclays PLC | Annual Report 2025,"p. 36, 65, 89, 92",
Barclays PLC,UK Commercial Real Estate,Commercial Real Estate,Scope 1+2,Midstream - UK Corporate Bank,Amount drawn; Undrawn commitments; Capital markets facilitated,Global,CIB,Blue Track,CRREM II,kgCO2e/m²,,2023,2025,2030,30,,,"24,7",,"14,7","51,00","6,00",,On track,Verificado externamente - KPMG LLP,GBP,33.749 £bn (2025),,,"0,1 MtCO2e (2025)",,,,,,,Sí,46054,Barclays PLC | Annual Report 2025,"p. 36, 65, 89, 92",Re-baselined en 2025 de 30.0 a 26.3 kgCO2e/m².
Barclays PLC,UK Agriculture,Agriculture,Scope 1+2+3,Upstream - Livestock and dairy farmers,Amount drawn; Undrawn commitments; Capital markets facilitated,Global,CIB; Retail,Blue Track,CCC BNZ,MtCO2e,,2023,2025,2030,"0,53",0.53,,N/A,,"0,42","21,00","13,00",,On track,Verificado externamente - KPMG LLP,GBP,4.083 £bn (2025),,,"0,46 MtCO2e (2025)",,,,,,,Sí,46054,Barclays PLC | Annual Report 2025,"p. 36, 65, 89, 92",
Barclays PLC,UK Housing,Residential Real Estate,Scope 1+2,Downstream - UK mortgages; Social Housing,Amount drawn; Undrawn commitments; Capital markets facilitated,Global,Retail,Blue Track,CCC BNZ,kgCO2e/m²,,2023,2025,2030,"32,1",,,"27,1",,"19,26","40,00","3,00",,On track,Verificado externamente - KPMG LLP,GBP,189.212 £bn (2025),,,"1,6 MtCO2e (2025)",,,,,,,Sí,46054,Barclays PLC | Annual Report 2025,"p. 36, 65, 89, 92","Definido como punto de convergencia, no objetivo formal. Re-baselined en 2025 de 32.1 a 27.9 kgCO2e/m²."
Standard Chartered PLC,Agriculture,Agriculture,Scope 1+2+3,Full value chain (pre-farm and post-farm),Amount drawn,Global,CIB,PCAF,IPCC (1.5°C–2°C),°C,,2023,2024,2030,2.96,2.96,2.33,,,2.4-2.6,13-20,"21,00",,On track,Verificado externamente - Ernst & Young,USD,8.2 (2024),,,"15,3 MtCO2e (2024)",,$157bn,,,2.33°C,,Sí,,Annual Report 2025,"p. 98, 99, 100, 102",El % de reducción es el objetivo de reducción de ITR según el reporte. El ITR reportado en 2024 es 2.33C.
Standard Chartered PLC,Aluminium,Aluminum,Scope 1+2,Aluminium producers,Amount drawn,Global,CIB,PCAF,MPP STS,tCO2e/tonne aluminium,,2021,2024,2030,5.62,3.28,6.75,,,6.1,,"105,00",,Off track,Verificado externamente - Ernst & Young,USD,0.4 (2024),,,"0,6 MtCO2e (2024)",,,,,,,Sí,,Annual Report 2025,"p. 98, 99, 100, 102",La intensidad aumentó significativamente en 2024 debido a préstamos a corto plazo.
Standard Chartered PLC,Automotive manufacturers,Automotive,Scope 1+2+3,Automotive manufacturers,Amount drawn,Global,CIB,PCAF,IEA APS / IEA NZE,gCO2e/vkm,,2021,2024,2030,178,157,145,,,66,"0,63","19,00",,On track,Verificado externamente - Ernst & Young,USD,3.3 (2024),,,"3,1 MtCO2e (2024)",,,,,,,Sí,,Annual Report 2025,"p. 98, 99, 100, 103",
Standard Chartered PLC,Automotive manufacturers,Automotive,Scope 1+2+3,Automotive manufacturers,Amount drawn,Global,CIB,PCAF,IEA APS / IEA NZE,gCO2e/vkm,,2021,2024,2030,178,157,145,,,100,"0,44","19,00",,On track,Verificado externamente - Ernst & Young,USD,3.3 (2024),,,"3,1 MtCO2e (2024)",,,,,,,Sí,,Annual Report 2025,"p. 98, 99, 100, 103",
Standard Chartered PLC,Aviation,Aviation,Scope 1+3,"Aircraft operators, owners and lessors",Amount drawn,Global,CIB,PCAF,MPP Prudent,gCO2e/RTK,,2021,2024,2030,1152,782,771,,,773,"33,00","33,00",,On track,Verificado externamente - Ernst & Young,USD,1.5 (2024),,,"1,2 MtCO2e (2024)",,,,,,,Sí,,Annual Report 2025,"p. 98, 99, 100, 103",
Standard Chartered PLC,Cement,Cement,Scope 1+2,Clinker and cement manufacturing,Amount drawn,Global,CIB,PCAF,IEA NZE,t CO2 / t cement,,2021,2024,2030,"0,67","0,62","0,6",,,"0,52","0,22","-10,00","-0,03",,Verificado externamente - Ernst & Young,USD,0.6 (2024),,,"1,8 MtCO2e (2024)",,,,,,,Sí,,Annual Report 2025,"p. 98, 99, 100, 104",
Standard Chartered PLC,Commercial real estate,Commercial Real Estate,Scope 1+2,Commercial real estate investment facilities,Amount drawn,Global,CIB,PCAF,IEA APS / IEA NZE,kgCO2e/sq.m,,2021,2024,2030,73,58,53,,,19-39,47-74,"27,00",,On track,Verificado externamente - Ernst & Young,USD,5.3 (2024),,,"0,1 MtCO2e (2024)",,,,,,,Sí,,Annual Report 2025,"p. 98, 99, 100, 104",
Standard Chartered PLC,Oil and gas,Oil & Gas,Scope 1+2+3,"Upstream, midstream and downstream",Amount drawn,Global,CIB,PCAF,IEA NZE,MtCO2 eq,,2020,2024,2030,"13,1","8,7","7,2",,,"9,3","0,29","45,00",,On track,Verificado externamente - Ernst & Young,USD,6.4 (2024),,,"7,2 MtCO2e (2024)",,,,,,,Sí,,Annual Report 2025,"p. 98, 99, 100, 105",El valor de intensidad 2023 fue restado según nota 8 en p. 98 (originalmente 9.4).
Standard Chartered PLC,Power,Power,Scope 1+2,Electricity generation,Amount drawn,Global,CIB,PCAF,IEA APS / IEA NZE,tCO2/MWh,,2021,2024,2030,"0,52","0,43","0,39",,,"0,17","0,67","-0,25",,On track,Verificado externamente - Ernst & Young,USD,6.3 (2024),,,"5,6 MtCO2e (2024)",,,,,,,Sí,,Annual Report 2025,"p. 98, 99, 100, 105",
Standard Chartered PLC,Power,Power,Scope 1+2,Electricity generation,Amount drawn,Global,CIB,PCAF,IEA APS / IEA NZE,tCO2/MWh,,2021,2024,2030,"0,52","0,43","0,39",,,"0,28","0,46","-0,25",,On track,Verificado externamente - Ernst & Young,USD,6.3 (2024),,,"5,6 MtCO2e (2024)",,,,,,,Sí,,Annual Report 2025,"p. 98, 99, 100, 105",
Standard Chartered PLC,Shipping,Shipping,Scope 1+3,Shipping lessors and companies,Amount drawn,Global,CIB,PCAF,IMO rev. min. / IMO striving,% delta,,2021,2024,2030,"0,073","0,032","-0,009",,,0% delta,,"8,00",,On track,Verificado externamente - Ernst & Young,USD,5.7 (2024),,,"3,0 MtCO2e (2024)",,,,,,,Sí,,Annual Report 2025,"p. 98, 99, 100, 106",
Standard Chartered PLC,Steel,Steel,Scope 1+2,Steel producers,Amount drawn,Global,CIB,PCAF,MPP TM,tCO2/tonne steel,,2021,2024,2030,"2,06","1,87","1,75",,,"1,4","0,32","-0,15","-4,20%",On track,Verificado externamente - Ernst & Young,USD,0.6 (2024),,,"1,0 MtCO2e (2024)",,,,,,,Sí,,Annual Report 2025,"p. 98, 99, 100, 106",
Standard Chartered PLC,Steel,Steel,Scope 1+2,Steel producers,Amount drawn,Global,CIB,PCAF,MPP TM,tCO2/tonne steel,,2021,2024,2030,"2,06","1,87","1,75",,,"1,6","0,22","-0,15","-2,77%",On track,Verificado externamente - Ernst & Young,USD,0.6 (2024),,,"1,0 MtCO2e (2024)",,,,,,,Sí,,Annual Report 2025,"p. 98, 99, 100, 106",
Standard Chartered PLC,Thermal coal mining,Thermal Coal Mining,Scope 1+2+3,Thermal coal miners,Amount drawn,Global,CIB,PCAF,IEA NZE,MtCO2e,,2020,2024,2030,"3,3","1,2","1,1",,,"0,5","85,00","67,00",,On track,Verificado externamente - Ernst & Young,USD,0.03 (2024),,,"1,1 MtCO2e (2024)",,,,,,,Sí,,Annual Report 2025,"p. 98, 99, 100, 107",
Standard Chartered PLC,Residential mortgages,Residential Real Estate,Scope 1+2,Residential households,Amount drawn,"Hong Kong, Singapore, Taiwan and South Korea",Retail,CRREM,CRREM,kgCO2e/sq.m,,2021,2024,2030,"37,6",36,"34,2",,,29-32,15-23,"9,00",,On track,Verificado externamente - Ernst & Young,USD,65.7 (2024),,,"0,4 MtCO2e (2024)",,,,,,,Sí,,Annual Report 2025,"p. 98, 99, 100, 107",Cubre los 4 mercados principales que representan >85% de la exposición.
NatWest Group plc,Operational emissions (Scope 1 and 2),Commercial Real Estate,Scope 1+2,Direct own global operations,,Global,Whole bank,,Science-based pathway,MtCO2e,,2019,2025,2030,"0,14","0,06","0,06","0,05",,,"70,00","64,00",,on track,,,,,,0.05 MtCO2e (2025),,,,,,,Sí,46054,NatWest Group plc 2025 Annual Report and Accounts,"p. 50, 54",Reducción del 66% respecto a 2019 reportada en p. 50. El objetivo es reducción del 70% para 2030. Los valores de 2023 y 2024 se repiten según tabla de p. 54.
NatWest Group plc,Operational emissions (Scope 3),Oil & Gas,Scope 3,Operational value chain (categories 1-14),,Global,Whole bank,,Science-based pathway,MtCO2 eq,,2019,2025,2030,"0,91","0,52","0,49","0,49",,,"50,00","46,00",,on track,,,,,,0.49 MtCO2e (2025),,,,,,,Sí,46054,NatWest Group plc 2025 Annual Report and Accounts,"p. 50, 54",Cubre categorías 1-14 excluyendo categoría 15. Reducción del 47% respecto a 2019 reportada en p. 50.
NatWest Group plc,UK residential mortgages,Residential Real Estate,Scope 3,Downland - Residential mortgages,,Reino Unido,Retail Banking,,No declarado,% EPC C or better,,2023,2025,2030,,,"46,3","48,8",,50,,,,on track,,,,67,,,,,,,,,Sí,46054,NatWest Group plc 2025 Annual Report and Accounts,"p. 50, 208, 212",Objetivo de que el 50% de la cartera tenga calificación EPC C o superior para 2030. El Portfolio Amount se refiere a la cartera con EPC disponible.
NatWest Group plc,Coal,Thermal Coal Mining,Scope 3,Coal production; Coal-fired generation; Coal-related infrastructure,,Global,Whole bank,,No declarado,Exposure amount,,,2025,2030,,,"0,6","0,6",,,,,,on track,,,0.6 £bn (2025),,,,,,,,,,Sí,46054,NatWest Group plc 2025 Annual Report and Accounts,p. 50,Objetivo de eliminación completa (phase-out) para el 1 de enero de 2030.
NatWest Group plc,Climate and transition finance,,,,Lending; Underwriting; Facilitation,,Whole bank,,,£bn (acumulado),,2025,2025,2030,,,,19,,200,,,,on track,,,,,,,,19.0 £bn (H2 2025),,,,,Sí,46054,NatWest Group plc 2025 Annual Report and Accounts,"p. 49, 50",Nuevo objetivo establecido en julio de 2025 de 200 £bn acumulados hasta finales de 2030. Reemplaza el objetivo anterior de 100 £bn.
NatWest Group plc,Assets under Management (WACI),"No se puede clasificar en ninguna de las categorías proporcionadas, ya que Assets under Management (WACI) es una métrica financiera/de carbono y no un sector industrial. Por favor, asegúrate de que las categorías coincidan con el tipo de dato de la celda.",Scope 3,Managed Assets (listed equity and corporate fixed income),Asset Management,,Private Banking & Wealth Management,,No declarado,tCO2e/£m revenue,,2019,2025,2030,,,,,,50,,"43,00",,ahead of target,,,30.2 £bn (2025),84,,1.3 MtCO2e (2025),,,,,,,Sí,46054,NatWest Group plc 2025 Annual Report and Accounts,"p. 50, 68",Objetivo de reducir la intensidad de carbono media ponderada (WACI) en un 50% para 2030. Reducción acumulada del 43% a 2025.
NatWest Group plc,Commercial Real Estate,Commercial Real Estate,Scope 3,Midstream - Commercial real estate,,Reino Unido,Commercial & Institutional,UNEP FI,No declarado,,,2023,2024,2030,,,,,,,,,,Seguimiento,,,19.4 £bn (2025),,,0.197 MtCO2e (2025),,,,,,,Sí,46054,NatWest Group plc 2025 Annual Report and Accounts,"p. 50, 208, 215",Sectores bajo los nuevos 9 objetivos basados en actividades con año base 2023. Se reporta alineamiento de 6 de 9 carteras en p. 50.
Nordea Bank Abp,Residential Real Estate,Residential Real Estate,Scope 1+2,Downstream - Households and tenant-owner associations,Amount drawn,Nordics,Whole bank,SDA,CRREM v1.093,kgCO2e/m²,,2019,2025,2030,"12,2",,,"8,1",,"6,1-7,3",40-50,"-33,61%",,on track,Verificado externamente - PricewaterhouseCoopers Oy,EUR,,,,"1,56 MtCO2e (2025)",,,,,,,Sí,46054,Nordea Annual Report 2025,"pp. 131, 132, 143",Año base recalculado en 2025 (antes 17.4). El valor 2025 (8.1) corresponde a la intensidad reportada.
Nordea Bank Abp,Shipping,Shipping,Scope 1,Downstream - Vessels,Amount drawn,Global,Whole bank,Poseidon Principles,Poseidon Principles (IMO 2050),"AER, gCO2/dwt-nm",,2019,2025,2030,"8,3",,,7,,"5,8","30,12%","-15,66%",,on track,Verificado externamente - PricewaterhouseCoopers Oy,EUR,,,,"2,42 MtCO2e (2025)",,,,,,,Sí,46054,Nordea Annual Report 2025,"pp. 131, 133, 140",El dato más reciente de intensidad (7.0) corresponde a 2024.
Nordea Bank Abp,Agriculture,Agriculture,Scope 1+2,"Upstream - Animal husbandry; Crops, plantation and hunting",Amount drawn,Nordics,Whole bank,Economic Intensity Contraction,National sector targets / SBTi FLAG,tCO2e/EURm,,2021,2025,2030,363,,,368,,182-218,40-50,"1,38%",,on track,Verificado externamente - PricewaterhouseCoopers Oy,EUR,,,,"1,59 MtCO2e (2025)",,,,,,,Sí,46054,Nordea Annual Report 2025,"pp. 131, 133, 140",Año base recalculado en 2025 (antes 758). La intensidad aumentó en 2025 debido a nuevas exposiciones con factores PCAF estimados.
Nordea Bank Abp,Motor Vehicles,Automotive,Scope 1,Downstream - Cars and vans,Amount drawn; Leasing,Nordics,Whole bank,PCAF,IEA NZE,gCO2e/vkm,,2022,2025,2030,114,,,94,, ,,"-17,54%",,on track,Verificado externamente - PricewaterhouseCoopers Oy,EUR,,,,"0,22 MtCO2e (2025)",,,,,,,Sí,46054,Nordea Annual Report 2025,"pp. 131, 134, 142",Año base 2022 (114). Valor 2025 es 94 gCO2e/km.
Nordea Bank Abp,Power Production,Power,Scope 1+2,Upstream - Electric utilities,Amount drawn,Nordics,Whole bank,SDA,IEA NZE / SBTi 1.5C,gCO2e/kWh,,2021,2025,2030,220,,,20,,66,"0,70","-90,91%",,ahead of target,Verificado externamente - PricewaterhouseCoopers Oy,EUR,,,,20 MtCO2e (2025),,,,,,,Sí,46054,Nordea Annual Report 2025,"pp. 131, 134, 140",El dato más reciente de intensidad (20) corresponde a 2024.
Nordea Bank Abp,Oil & Gas,Oil & Gas,Scope 1+2+3,Upstream - Exploration and production,Amount drawn,Global,Whole bank,Absolute Contraction,IEA NZE,MtCO2 eq,,2019,2025,2030,"2,8",,,"0,01",,"1,2","0,57","-99,64%",,ahead of target,Verificado externamente - PricewaterhouseCoopers Oy,EUR,,,,"0,01 MtCO2e (2025)",,,,,,,Sí,46054,Nordea Annual Report 2025,"pp. 131, 135, 140",Reducción del 99.6% lograda por desinversión casi total del sector.
Nordea Bank Abp,Offshore,Oil & Gas,,Drilling rigs and service vessels,Amount drawn,Global,Whole bank,Exposure-based phase out,No declarado,EURm,,2019,2025,2025,1872,,,0,,0,"1,00","-100,00%",,Target met,Verificado externamente - PricewaterhouseCoopers Oy,EUR,,,,,,,,,,,Sí,46054,Nordea Annual Report 2025,"pp. 131, 135",Salida total del sector completada en 2025.
Nordea Bank Abp,Mining,Thermal Coal Mining,,Thermal coal and thermal peat,Amount drawn,Global,Whole bank,Exposure-based phase out,IEA NZE,EURm,,2022,2025,2025,52,,,18,,0,"100,00%","-65,38%",,on track,Verificado externamente - PricewaterhouseCoopers Oy,EUR,,,,,,,,,,,Sí,46054,Nordea Annual Report 2025,"pp. 131, 135",Carbón térmico eliminado en 2021. Turba térmica reducida un 65% con excepción por seguridad energética en Finlandia.
Bancolombia S.A.,Cement,Cement,Scope 3,Manufactures - Cemento,Debt financing,Global,Whole bank,SBTi,1.5°C,t CO2 / t cement,,2021,2024,2030,"0,62",,"0,62",,,"0,52","0,16","0,00","-0,02","0,00%",SBTi validado,COP,"0,307 (2024)","0,16","0,52 tCO2e/ton",213.114 tCO2e (2024),,,,,,,Sí,2026,Informe de gestión 2025,"p. 223, p. 233","Emisiones absolutas (213.114) calculadas como suma de Scope 1, 2 y 3 reportados en tabla SASB p. 233. Portfolio amount convertido de millones a miles de millones."
Bancolombia S.A.,Energía - Cartera Comercial,Power,Scope 3,Generation - Producción de energía,Debt financing,Global,Whole bank,SBTi,1.5°C,tCO2e/MWh,,2021,2024,2030,,,"0,24",,,"0,06",,,,,SBTi validado,COP,"9,887 (2024)","5,29",,1.052.145 tCO2e (2024),,,,,,,Sí,2026,Informe de gestión 2025,"p. 223, p. 233","Meta 2024 era 0,161 pero el resultado fue 0,24 debido al fenómeno de El Niño. Emisiones absolutas calculadas como suma de Scope 1, 2 y 3 de la tabla SASB p. 233 para el sector 'Electricidad'."
Bancolombia S.A.,Activos bajo administración,Commercial Real Estate,Scope 3,Listed Equity and Corporate Bonds,Asset Management,Global,Asset Management,SBTi,No declarado,Implied Temperature Rise (Score de temperatura),,2022,2024,2030,"2,93",,"3,19",,,"2,93","0,00",,,Superior a la meta,SBTi validado,COP,"24,336 (2024)","98,51",,1.833.821 tCO2e (2024),,,,,"3,19°C",,Sí,2026,Informe de gestión 2025,"p. 221, p. 222, p. 254",El año base para la intensidad de ABA según SBTi es 2022. Las emisiones absolutas corresponden a 2024.
Bancolombia S.A.,Carbón,Thermal Coal Mining,Scope 3,Producción y comercialización de carbón térmico; Generación de energía a partir de carbón,Debt financing,Global,Whole bank,Interna,No declarado,Phase-out (Exposición de cartera),,,2024,2030,,,"0,04",,,0,"100,00",,,,,COP,"0,081 (2024)","0,04",,1.636.824 tCO2e (2024),,,,,,,Sí,2026,Informe de gestión 2025,"p. 204, p. 222, p. 233",La política establece descarbonización total (phase-out) para 2030. Emisiones absolutas corresponden a 'Carbón' en p.233.
Bancolombia S.A.,Oil & Gas,Oil & Gas,Scope 3,Ciclo de producción - Métodos no convencionales,Varios,Global,Whole bank,Interna,No declarado,Exclusión,,,2024,Seguimiento,,,"1,65",,,,,,,,,COP,"3,080 (2024)","1,65",,1.664.611 tCO2e (2024),,,,,,,Sí,2026,Informe de gestión 2025,"p. 204, p. 222, p. 233","La política declara no financiar métodos no convencionales (Fracking, etc.)."
Citigroup Inc.,Aluminum,Aluminum,Scope 1+2+3,Sector-specific activities,Amount drawn; Undrawn commitments,Global,Banking; Markets; Services,PCAF; SAFF,MPP STS & IAI 1.5,SAFF Climate Alignment Score,CRU,2023,2024,2030,"1,8",,"3,6",,,0,,,-100.00,Worsened,,USD,2.1 $bn (2024),,,1.57 MtCO2e (2024),,,,,,,Sí,2024,2024 Citi Climate Report,"p. 14, 34, 35, 36",El porcentaje de reducción YTD es negativo porque el score de alineamiento aumentó (empeoró) respecto al año base. Portfolio amount basado en Committed Exposure.
Citigroup Inc.,Auto Manufacturing,Automotive,Scope 1+2+3,Manufacturing,Amount drawn; Undrawn commitments; Capital markets facilitated,Global,Banking; Markets; Services,PCAF,IEA NZE 2050,gCO2e/vkm,"LMCAutomotive, a GlobalData Company data",2021,2024,2030,154,184,211,,,106,"0,31","-37,00","46271,00",Worsened,,USD,13.6 $bn (2024),,,5.14 MtCO2e (2024),1.47 MtCO2e (2024),,,,,,Sí,2024,2024 Citi Climate Report,"p. 14, 34, 35, 36","La intensidad reportada para 2024 (211) es superior a la del año base (154), indicando un empeoramiento del 37%. Emisiones absolutas corresponden a Scopes 1-3 drawn."
Citigroup Inc.,Aviation,Aviation,Scope 1+3,WTW (Well-to-Wheel),Amount drawn; Undrawn commitments,Global,Banking; Markets; Services,PCAF; MPP,MPP PRU,gCO2e/RTK,PACE,2023,2024,2030,901,901,897,,,"772,6","14,00","0,00",2.53,On track,,USD,9.7 $bn (2024),,,2.01 MtCO2e (2024),,,,,,,Sí,2024,2024 Citi Climate Report,"p. 15, 34, 35, 36",La métrica original gCO2e/TRK se asume equivalente a RTK para aviación. Reducción YTD calculada: (901-897)/901 ≈ 0.4%.
Citigroup Inc.,Cement,Cement,Scope 1+2,Cementitious product manufacturing,Amount drawn; Undrawn commitments,Global,Banking; Markets; Services,PCAF,IEA NZE 2050,t CO2 / t cement,Public company disclosures,2023,2024,2030,"0,68","0,68","0,65",,,"0,46","0,32","-0,04","-0,05","13,64%",,USD,2.0 $bn (2024),,,2.28 MtCO2e (2024),,,,,,,Sí,2024,2024 Citi Climate Report,"p. 15, 34, 35, 36",Reducción YTD calculada: (0.68-0.65)/0.68 ≈ 4.4%.
Citigroup Inc.,Commercial Real Estate,Commercial Real Estate,Scope 1+2,Multifamily; Industrial; Retail; Office; Healthcare,Amount drawn; Undrawn commitments,Global,Banking; Markets; Services,PCAF; CRREM,CRREM 1.5,kgCO2e/m²,Measurabl,2021,2024,2030,61,"51,8","36,6",,,36,"41,00","40,00",8.43,On track,,USD,17.3 $bn (2024),,,0.26 MtCO2e (2024),,,,,,,Sí,2024,2024 Citi Climate Report,"p. 15, 34, 35, 36",Intensidad para 2023 reportada como 51.8. Reducción año base vs objetivo calculada: (61-36)/61 ≈ 41%.
Citigroup Inc.,Energy,Oil & Gas,Scope 1+2+3,Upstream; Midstream; Downstream,Amount drawn; Undrawn commitments; Capital markets facilitated,Global,Banking; Markets; Services,PCAF,IEA NZE 2050,M mt CO2e,Wood Mackenzie; Public company disclosures,2020,2024,2030,168,"93,5","91,1",,,"119,3","0,29","46,00",,Ahead of target,,USD,33.6 $bn (2024),,,28.5 MtCO2e (2024),18.2 MtCO2e (2024),,,,,,Sí,2024,2024 Citi Climate Report,"p. 15, 34, 35, 36",Objetivo absoluto. Emisiones absolutas 2024 (28.5) corresponden a Scopes 1-3 drawn. Las emisiones facilitadas (18.2) suman Scopes 1-3.
Citigroup Inc.,Power,Power,Scope 1,Generation; Transmission; Distribution,Amount drawn; Undrawn commitments; Capital markets facilitated,Global,Banking; Markets; Services,PCAF,IEA SDS OECD,kgCO2e/MWh,"CDP, S&P Global Sustainable1, project operating information from annual credit reports and public company disclosure",2020,2024,2030,"313,5","277,9","246,5",,,115,"0,63","-0,21",9.53,On track,,USD,25.6 $bn (2024),,,3.4 MtCO2e (2024),2.3 MtCO2e (2024),,"0,36",,,,Sí,2024,2024 Citi Climate Report,"p. 16, 34, 35, 36",Intensidad año base (313.5). Emisiones facilitadas (2.3 MtCO2e) corresponden a capital markets facilitado.
Citigroup Inc.,Shipping,Shipping,Scope 1+2,Cargo and passenger shipping,Amount drawn; Undrawn commitments,Global,Banking; Markets; Services,PCAF; Poseidon Principles,IMO 2023 GHG Strategy - Striving For,PP Climate Alignment Score,Company disclosures,2023,2024,2030,"24,6","24,6","20,4",,,0,,,24.36,On track,,USD,8.3 $bn (2024),,,1.32 MtCO2e (2024),,,,,,,Sí,2024,2024 Citi Climate Report,"p. 16, 34, 35, 36",Reducción de 4.2 puntos porcentuales en el alignment score. CAGR calculado sobre la reducción de la brecha a cero.
Citigroup Inc.,Steel,Steel,Scope 1+2+3,Steel manufacturing,Amount drawn; Undrawn commitments,Global,Banking; Markets; Services,PCAF; SSP,IEA NZE 2050,SSP Climate Alignment Score,CRU,2022,2024,2030,"0,02","0,8","0,4",,,0,"1,00",,"-100,00%",Worsened,,USD,1.8 $bn (2024),,,2.94 MtCO2e (2024),,,,,,,Sí,2024,2024 Citi Climate Report,"p. 16, 34, 35, 36","El score aumentó de 0.02 a 0.40, indicando una desviación del pathway. CAGR no representativo por signo. Emisiones absolutas drawn (2.02 S1-2 + 0.92 S3)."
Citigroup Inc.,Thermal Coal Mining,Thermal Coal Mining,Scope 1+2+3,Coal production,Amount drawn; Undrawn commitments,Global,Banking; Markets; Services,PCAF,IEA SDS OECD,M mt CO2e,Public company disclosures,2021,2024,2030,"7,9",46174,"0,97",,,"0,79","90,00","88,00",22.65,Ahead of target,,USD,0.2 $bn (2024),,,0.71 MtCO2e (2024),,,,,,,Sí,2024,2024 Citi Climate Report,"p. 16, 34, 35, 36",Reducción absoluta masiva impulsada por la política ESRM. Emisiones 2024 (0.71) son S1-2 (0.06) + S3 (0.65) drawn.
"Banco Bilbao Vizcaya Argentaria, S.A.",Petróleo y Gas,Oil & Gas,Scope 1+2+3,"Upstream - exploración, perforación, extracción y producción",Amount drawn,Global,CIB; BEI,PCAF,IEA NZE,millones tCO2e,,2021,2025,2030,14,"10,6","10,5","5,7",,"9,8","0,30","59,00",,ahead of target,"Verificado externamente - Ernst & Young Auditores, S.L.",EUR,"7,8 €bn (2025)",,,"5,7 MtCO2e (2025); 10,5 MtCO2e (2024); 14 MtCO2e (2021)",,,,,,,Sí,46143,Informe Anual 2025,"p. 46, p. 80, p. 82, p. 83",El año base es 2021 (p. 80). El porcentaje de reducción YTD se calcula sobre el año base.
"Banco Bilbao Vizcaya Argentaria, S.A.",Electricidad,Power,Scope 1+2,Generación,Amount drawn; Undrawn commitments,Global,CIB; BEI,PACTA,IEA_NZE,kgCO2e/MWh,,2020,2025,2030,221,167,139,103,,107,"0,52","53,00",,ahead of target,"Verificado externamente - Ernst & Young Auditores, S.L.",EUR,"20,9 €bn (2025)",,444 kgCO2e/MWh,"8,9 MtCO2e (2025)",,,,,,,Sí,46143,Informe Anual 2025,"p. 46, p. 80, p. 84",El año base es 2020 (p. 80).
"Banco Bilbao Vizcaya Argentaria, S.A.",Autos,Automotive,Scope 3,Fabricantes,Amount drawn; Undrawn commitments,Global,CIB; BEI,PACTA,IEA_NZE,gCO2e/vkm,,2020,2025,2030,205,173,165,136,,110,"0,46","33,00",,on track,"Verificado externamente - Ernst & Young Auditores, S.L.",EUR,"6,2 €bn (2025)",,133 gCO2/v-km,"2,8 MtCO2e (2025)",,,,,,,Sí,46143,Informe Anual 2025,"p. 46, p. 80, p. 86",El año base es 2020 (p. 80).
"Banco Bilbao Vizcaya Argentaria, S.A.",Acero,Steel,Scope 1+2,Fabricantes,Amount drawn; Undrawn commitments,Global,CIB; BEI,PACTA,ISF-NZ,kgCO2e/t steel,,2020,2025,2030,1270,1181,1146,1126,,984,"0,23","-0,11","-2,52%",on track,"Verificado externamente - Ernst & Young Auditores, S.L.",EUR,"2,8 €bn (2025)",,1.662 kgCO2e/t,"2,6 MtCO2e (2025)",,,,,,,Sí,46143,Informe Anual 2025,"p. 46, p. 80, p. 87",El año base es 2020 (p. 80).
"Banco Bilbao Vizcaya Argentaria, S.A.",Cement,Cement,Scope 1+2,Fabricantes,Amount drawn; Undrawn commitments,Global,CIB; BEI,PACTA,IEA NZE,t CO2 / t cement,,2020,2025,2030,"0,7","0,713","0,731","0,724",,"0,58","0,17","-3,00",,on track,"Verificado externamente - Ernst & Young Auditores, S.L.",EUR,"1,5 €bn (2025)",,709 kgCO2e/t,"5,3 MtCO2e (2025)",,,,,,,Sí,46143,Informe Anual 2025,"p. 46, p. 80, p. 89",El año base es 2020 (p. 80). El porcentaje YTD es negativo indicando empeoramiento.
"Banco Bilbao Vizcaya Argentaria, S.A.",Carbón,Thermal Coal Mining,,Minería carbón térmico; Generación,Amount drawn; Undrawn commitments,Global,Whole bank,,No declarado,€Mn,,,2025,2030,,1600,1500,1341,,0,"100,00","21,00",,on track,"Verificado externamente - Ernst & Young Auditores, S.L.",EUR,"1,341 €bn (2025)",,,"0,04 MtCO2e (2025)",,,,,,,Sí,46143,Informe Anual 2025,"p. 46, p. 80, p. 91",Objetivo de supresión de exposición (phase-out) para 2030 en países desarrollados y 2040 globalmente.
"Banco Bilbao Vizcaya Argentaria, S.A.",Aviación,Aviation,Scope 1,Aerolíneas,Amount drawn; Undrawn commitments,Global,CIB; BEI,PACTA,ISF-NZ,gCO2/PKM,,2022,2025,2030,89,103,90,85,,73,"18,00","4,00",,on track,"Verificado externamente - Ernst & Young Auditores, S.L.",EUR,"0,8 €bn (2025)",,94 gCO2/PKM,"1,53 MtCO2e (2025)",,,,,,,Sí,46143,Informe Anual 2025,"p. 46, p. 80, p. 92",El año base es 2022 (p. 80). Se toma la métrica con ajuste por factor de carga en bodega.
"Banco Bilbao Vizcaya Argentaria, S.A.",Transporte marítimo,Shipping,Scope 1+2+3,Operadores,Amount drawn; Undrawn commitments,Global,CIB; BEI,IMO,IMO,Delta de alineamiento %,,,2024,2030,,,"13,4",,,0,,,,on track,"Verificado externamente - Ernst & Young Auditores, S.L.",EUR,"0,188 €bn (2024)",,,"0,95 MtCO2e (2025)",,,,,,,Sí,46143,Informe Anual 2025,"p. 46, p. 80, p. 93",Métrica basada en desviación porcentual respecto a la senda IMO.
"Banco Bilbao Vizcaya Argentaria, S.A.",Inmobiliario residencial,Residential Real Estate,Scope 1+2,Downstream - Hipotecas (emisiones operativas),Amount drawn,España,Retail,PCAF,PNIEC,kgCO2e/m2/y,,2023,2025,2030,"21,2","21,2","21,1","20,6",,"14,8","30,00","3,00",,on track,"Verificado externamente - Ernst & Young Auditores, S.L.",EUR,69 €bn (2025),,,"2,14 MtCO2e (2025)",,,,,,,Sí,46143,Informe Anual 2025,"p. 46, p. 80, p. 97",Cobertura geográfica limitada a España.
"Banco Bilbao Vizcaya Argentaria, S.A.",Inmobiliario comercial,Commercial Real Estate,Scope 1+2,Downstream - Préstamos inmobiliarios (emisiones operativas),Amount drawn,España,CIB; BEI,PCAF,PNIEC,kgCO2e/m2/y,,2023,2025,2030,21,21,"21,5","18,8",,"11,7","44,00","10,00",,on track,"Verificado externamente - Ernst & Young Auditores, S.L.",EUR,"7,3 €bn (2025)",,,"0,03 MtCO2e (2025)",,,,,,,Sí,46143,Informe Anual 2025,"p. 46, p. 80, p. 96",Cobertura geográfica limitada a España.
"Banco Bilbao Vizcaya Argentaria, S.A.",Aluminio,Aluminum,Scope 1+2,Fabricación primaria,Amount drawn; Undrawn commitments,Global,CIB; BEI,SAFF (RMI),IAI & MPP,Delta de alineamiento %,,,2025,2030,,,"-0,4",-1,,0,,,,aligned,"Verificado externamente - Ernst & Young Auditores, S.L.",EUR,"0,296 €bn (2025)",,,"0,6 MtCO2e (2025)",,,,,,,Sí,46143,Informe Anual 2025,"p. 46, p. 80, p. 99",Delta negativo indica que la intensidad es inferior a la requerida por la trayectoria.
Türkiye İş Bankası A.Ş.,Power Generation,Power,Scope 1+2,,Project financing loans; short-term loans,Türkiye,Whole bank,PCAF,IEA NZE 2050,kgCO2e/MWh,No encontrado,2021,2023,2030,617,543,,,,241,"0,61","12,00","-9,92%",on track,Verificado externamente - PwC,TRY,94 B TL (2023),"78 (portfolio total: 120,5 B TL)",,,,,,,,,Sí,2025,İŞBANK CLIMATE TRANSITION PLAN,"p. 31, p. 32, p. 66, p. 71, p. 72","El portfolio amount original de 2021 es 55,3 B TL y el de 2023 es 94 B TL. Reducción YTD calculada: (543-617)/617 = -12%. CAGR calculado: -12,71%."
Türkiye İş Bankası A.Ş.,Cement,Cement,Scope 1+2,,Investment loans,Türkiye,Whole bank,SBTi,Science Based Targets Initiative 1.5°C (SBTi 1.5°C),t CO2 / t cement,No encontrado,2021,2023,2030,"1,175","0,763",,,,"0,93","0,21","35,00","-2,59%",on track,Verificado externamente - PwC,TRY,"7,6 B TL (2023)",,,,,,,,,,Sí,2025,İŞBANK CLIMATE TRANSITION PLAN,"p. 31, p. 32, p. 66, p. 71, p. 72","El portfolio amount original de 2021 es 5,2 B TL y el de 2023 es 7,6 B TL. Reducción YTD calculada: (763-1175)/1175 = -35%. CAGR calculado: -3,30%."
Türkiye İş Bankası A.Ş.,Iron & Steel,Steel,Scope 1+2,,,Türkiye,Whole bank,SBTi,Science Based Targets Initiative 1.5°C (SBTi 1.5°C),kgCO2e/t steel,No encontrado,2021,2023,2030,801,574,,,,721,"0,10","-0,28","-1,16%",on track,Verificado externamente - PwC,TRY,"38,7 B TL (2023)",,,,,,,,,,Sí,2025,İŞBANK CLIMATE TRANSITION PLAN,"p. 31, p. 32, p. 66, p. 71, p. 72","El portfolio amount original de 2021 es 11,3 B TL y el de 2023 es 38,7 B TL. Reducción YTD calculada: (574-801)/801 = -28%. CAGR calculado: -1,16%."
Türkiye İş Bankası A.Ş.,Aluminium,Aluminum,Scope 1+2,,,Türkiye,Whole bank,,Transition Pathway Initiative (TPI),kgCO2e/t Al,No encontrado,2023,2023,2030,740,740,,,,688,"7,03%","0,00","-1,04%",on track,Verificado externamente - PwC,TRY,"2,2 B TL (2023)",,,,,,,,,,Sí,2025,İŞBANK CLIMATE TRANSITION PLAN,"p. 31, p. 32, p. 66, p. 71, p. 72","Año base e intensidad año 2023 coinciden. CAGR calculado: -1,03%."
Türkiye İş Bankası A.Ş.,Real Estate,Commercial Real Estate,Scope 1+2+3,,,Türkiye,Whole bank,,IEA - NZE 2050 and CRREM 1.5°C,kgCO2e/m²,No encontrado,2023,2023,2030,49,49,,,,31,"36,73%","0,00","-6,33%",on track,Verificado externamente - PwC,TRY,"43,3 B TL (2023)",,,,,,,,,,Sí,2025,İŞBANK CLIMATE TRANSITION PLAN,"p. 31, p. 32, p. 66, p. 71, p. 72","El sector original engloba Real Estate de manera general pero normalizado como Commercial Real Estate. Año base e intensidad año 2023 coinciden. CAGR calculado: -6,31%."
Türkiye İş Bankası A.Ş.,Oil & Gas,Oil & Gas,Scope 1+2+3,,,Türkiye,Whole bank,,Transition Pathway Initiative (TPI),kgCO2e/MJ,No encontrado,2023,2023,2030,58,58,,,,49,"0,16","0,00","-2,38%",on track,Verificado externamente - PwC,TRY,22 B TL (2023),,,,,,,,,,Sí,2025,İŞBANK CLIMATE TRANSITION PLAN,"p. 31, p. 32, p. 66, p. 71, p. 72","Año base e intensidad año 2023 coinciden. CAGR calculado: -2,37%."
Türkiye İş Bankası A.Ş.,Road Freight Transport,Automotive,Scope 1+2,,,Türkiye,Whole bank,,Network for Greening the Financial System (NGFS) Net Zero 2050 ,gCO2e/tkm,No encontrado,2023,2023,2030,159,159,,,,127,"0,20","0,00","-3,16%",on track,Verificado externamente - PwC,TRY,"20,7 B TL (2023)",,,,,,,,,,Sí,2025,İŞBANK CLIMATE TRANSITION PLAN,"p. 31, p. 32, p. 66, p. 71, p. 72","El sector original es transporte de mercancías por carretera, normalizado como Automotive. Año base e intensidad año 2023 coinciden. CAGR calculado: -3,15%."
Türkiye İş Bankası A.Ş.,Agriculture - Wheat,Agriculture,Scope 1+2,,,Türkiye,Whole bank,,Science Based Targets - 1.5°C (SBTi 1.5°C),kgCO2e/ton wheat,No encontrado,2023,2023,2030,607,607,,,,522,"14,00%","0,00","-2,13%",on track,Verificado externamente - PwC,TRY,"10,8 B TL (2023)","60 (portfolio total: 10,8 B TL)",,,,,,,,,Sí,2025,İŞBANK CLIMATE TRANSITION PLAN,"p. 31, p. 32, p. 66, p. 71, p. 72","El volumen total sujeto a la cartera de agricultura es de 10,8 B TL para los tres cereales. El 60% de los clientes se dedica a cereales. Año base e intensidad año 2023 coinciden. CAGR calculado: -2,13%."
Türkiye İş Bankası A.Ş.,Agriculture - Maize,Agriculture,Scope 1+2,,,Türkiye,Whole bank,,Science Based Targets - 1.5°C (SBTi 1.5°C),kgCO2e/ton maize,No encontrado,2023,2023,2030,580,580,,,,493,"15,00%","0,00","-2,29%",on track,Verificado externamente - PwC,TRY,"10,8 B TL (2023)","60 (portfolio total: 10,8 B TL)",,,,,,,,,Sí,2025,İŞBANK CLIMATE TRANSITION PLAN,"p. 31, p. 32, p. 66, p. 71, p. 72","El volumen total sujeto a la cartera de agricultura es de 10,8 B TL para los tres cereales. El 60% de los clientes se dedica a cereales. Año base e intensidad año 2023 coinciden. CAGR calculado: -2,30%."
Türkiye İş Bankası A.Ş.,Agriculture - Rice,Agriculture,Scope 1+2,,,Türkiye,Whole bank,,Science Based Targets - 1.5°C (SBTi 1.5°C),kgCO2e/ton rice,No encontrado,2023,2023,2030,976,976,,,,820,"15,98%","0,00","-2,46%",on track,Verificado externamente - PwC,TRY,"10,8 B TL (2023)","60 (portfolio total: 10,8 B TL)",,,,,,,,,Sí,2025,İŞBANK CLIMATE TRANSITION PLAN,"p. 31, p. 32, p. 66, p. 71, p. 72","El volumen total sujeto a la cartera de agricultura es de 10,8 B TL para los tres cereales. El 60% de los clientes se dedica a cereales. Año base e intensidad año 2023 coinciden. CAGR calculado: -2,46%."
Akbank T.A.Ş.,Energy,Power,Scope 1+2+3,"Downstream - Power generation (production, conversion, transmission, distribution)",Amount drawn; Debt financing,Global,Whole bank,PCAF,IEA NZE2050,kgCO₂e/MWh,No encontrado,2021,2021,2030,,,,,,,"0,60",,,,"Verificado externamente - Deloitte (limitado, base year portfolio)",TRY,,12% del total de préstamos comerciales en efectivo cubren los 4 sectores objetivo conjuntamente (dato de 2024),,28250922 tCO₂e total portfolio (2021),,TRY 681 mil millones acumulado 2021-2025,,,,,Sí,2025,Akbank 2024 Sustainability Report in Compliance with Turkish Sustainability Reporting Standards,pp. 30-31,"Target includes business loans and project finance asset classes. El documento no proporciona valor de intensidad del año base para este sector específicamente (solo % de reducción). El 60% es reducción de intensidad en generación de energía. PCAF Data Quality 3,7 para Project Finance. La reducción YTD y CAGR no pueden calcularse sin el valor de intensidad base year. El porcentaje 12% de préstamos comerciales corresponde a los 4 sectores objetivo conjuntos en 2024."
Akbank T.A.Ş.,Cement,Cement,Scope 1+2+3,"Downstream - Cement production (mining, production, construction)",Amount drawn; Debt financing,Global,Whole bank,PCAF,IEA NZE 2050,t CO2 / t cement,No encontrado,2021,2021,2030,,,,,,,"0,24",,,,"Verificado externamente - Deloitte (limitado, base year portfolio)",TRY,,,,28250922 tCO₂e total portfolio (2021),,TRY 681 mil millones acumulado 2021-2025,,,,,Sí,2025,Akbank 2024 Sustainability Report in Compliance with Turkish Sustainability Reporting Standards,pp. 30-31,"El documento no proporciona valor de intensidad base year para cemento específicamente. Reducción del 23,8% es reducción de intensidad. 15 empresas evaluadas en sector cemento en 2024. PCAF methodology used."
Akbank T.A.Ş.,Iron and Steel,Steel,Scope 1+2+3,"Downstream - Iron and steel production (mining, production, construction)",Amount drawn; Debt financing,Global,Whole bank,PCAF,IEA NZE 2050,kgCO₂e/tonnes-steel,No encontrado,2021,2021,2030,,,,,,,"29,00",,,,"Verificado externamente - Deloitte (limitado, base year portfolio)",TRY,,,,28250922 tCO₂e total portfolio (2021),,TRY 681 mil millones acumulado 2021-2025,,,,,Sí,2025,Akbank 2024 Sustainability Report in Compliance with Turkish Sustainability Reporting Standards,pp. 30-31,El documento no proporciona valor de intensidad base year para steel específicamente. 20 empresas evaluadas en sector iron & steel en 2024. PCAF methodology used.
Akbank T.A.Ş.,Real Estate - Service Buildings,Commercial Real Estate,Scope 1+2+3,"Downstream - Commercial real estate - service buildings (building materials, construction, operation, demolition)",Amount drawn; Debt financing,Global,Whole bank,PCAF,IEA NZE2050,kgCO₂e/m²,No encontrado,2021,2021,2030,,,,,,,"40,80",,,,"Verificado externamente - Deloitte (limitado, base year portfolio)",TRY,,,,28250922 tCO₂e total portfolio (2021); CRE financed: 55766 tCO₂e (2021),,TRY 681 mil millones acumulado 2021-2025,,,,,Sí,2025,Akbank 2024 Sustainability Report in Compliance with Turkish Sustainability Reporting Standards,pp. 30-31,"PCAF Data Quality 4,0 (dato corregido respecto al 3,7 publicado en el informe anual 2024). El informe TSRS (AKBANK_1) reportaba PCAF DQ 3,7 para CRE pero el informe anual 2025 (AKBANK_2) indica que fue actualizado. El documento no da el valor de intensidad base year específico para este subsector."
Akbank T.A.Ş.,Real Estate - Residential Buildings,Residential Real Estate,Scope 1+2+3,"Downstream - Residential real estate - residential buildings (building materials, construction, operation, demolition)",Amount drawn; Debt financing,Global,Whole bank,PCAF,IEA NZE2050,kgCO₂e/m²,No encontrado,2021,2021,2030,,,,,,,"49,30",,,,"Verificado externamente - Deloitte (limitado, base year portfolio)",TRY,,,,28250922 tCO₂e total portfolio (2021); CRE financed: 55766 tCO₂e (2021),,TRY 681 mil millones acumulado 2021-2025,,,,,Sí,2025,Akbank 2024 Sustainability Report in Compliance with Turkish Sustainability Reporting Standards,pp. 30-31,"El banco también aplica TSRS Volume 19 – Mortgage Finance. El informe indica que los activos hipotecarios residenciales en zonas de inundación de 100 años representan una parte no significativa del portfolio total a fin de 2024, según modelos Copernicus."
Akbank T.A.Ş.,Thermal Coal (Phase-Out),Thermal Coal Mining,,"Upstream; Midstream; Downstream - Thermal power plants, thermal coal mining companies, metallurgical coal, coal for heating",Amount drawn; Debt financing,Global,Whole bank,,No declarado,No aplica (objetivo de salida),No encontrado,2024,2024,2040,,,,,,,,,,,No validado,TRY,,,,,,,,,,,Sí,2025,Akbank 2024 Sustainability Report in Compliance with Turkish Sustainability Reporting Standards,"pp. 30, 42 (TSRS); p. 219 (Annual Report 2025)","En 2024 Akbank anunció compromiso de salida del carbón térmico (coal phase-out) para 2040, con principios de transición justa. No se financiarán nuevas centrales eléctricas de carbón, aumentos de capacidad ni nuevas inversiones en minas de carbón. Las empresas con >5% de ingresos en este ámbito son clasificadas en 3 categorías con distintos plazos. No hay métrica de intensidad asociada, sino objetivo de eliminación progresiva."
Yapı ve Kredi Bankası A.Ş.,Electricity Generation Project Finance,Power,Scope 1,Downstream - Electricity generation project finance (GICS: Electricity Facilities and Independent Electricity),Debt financing,Global,Whole bank,PCAF; SDA (SBTi),IEA NZE 2050,tCO2e/MWh,No encontrado,2021,2024,2030,"0,5",,,,,"0,131","0,74",,,,SBTi validado,TRY,,"13,30% (del loan book)",,"4,9 MtCO2e (2021)",,,,,,,Sí,45839,Yapı Kredi 2024 TSRS Compliant Sustainability Report,p. 40-41,"La emisión del segmento en año base 2021 fue aproximadamente 4,9 millones tCO2e, con volumen de cartera de aprox. USD 3.076 millones. El 100% de las emisiones procede de financiación de carbón y gas natural. Sector original en el documento: 'Electricity Generation Project Finance'. El CAGR no se puede calcular con precisión sin datos intermedios de seguimiento anuales. Porcentaje de reducción declarado explícitamente como 73,7% en documento; se registra 74% como figura redondeada en el documento de integrado (YAPIKREDI_2.pdf, p.130)."
Yapı ve Kredi Bankası A.Ş.,Corporate Loans: Real Estate,Commercial Real Estate,Scope 1+2,Downstream - Real estate corporate loans (GICS: Real Estate Management and Development). Malls predominantes en cartera.,Debt financing,Global,Whole bank,PCAF; SDA (SBTi),IEA NZE 2050,kgCO2e/m²,No encontrado,2021,2024,2030,"109,78",,,,,"35,77","67,00",,,,SBTi validado,TRY,,"10,30% (del loan book)",,,,,,,,,Sí,45839,Yapı Kredi 2024 TSRS Compliant Sustainability Report,p. 42,"Sector original en el documento: 'Corporate Loans: Real Estate'. Porcentaje de reducción declarado como 67,4%. El documento indica que los préstamos corporativos a empresas inmobiliarias se usan para capital de trabajo, no inversión inmobiliaria, por lo que se modelizan también bajo 'Corporate Loans: Other Long-Term Loans'. En la tabla NZBA (p.46 informe TSRS / p.130 informe integrado 2025) el sector Real Estate aparece con base year intensity de 50,4 kgCO2e/m² y objetivo 10,9 kgCO2e/m² con 78% de reducción: esta es la cifra NZBA diferente a la SBTi. Se registra aquí la cifra SBTi (109,78 → 35,77 kgCO2e/m²) por ser el objetivo SBTi verificado del segmento project finance."
Yapı ve Kredi Bankası A.Ş.,Corporate Loans: Electricity Generation,Power,Scope 1,Downstream - Electricity generation corporate loans (GICS: Electricity Facilities and Independent Electricity). 71% renovables en cartera.,Debt financing,Global,Whole bank,PCAF; SDA (SBTi),IEA NZE 2050,tCO2e/MWh,No encontrado,2021,2024,2030,"0,001176",,,,,"0,000685","0,42",,,,SBTi validado,TRY,,"13,30% (del loan book)",,,,,,,,,Sí,45839,Yapı Kredi 2024 TSRS Compliant Sustainability Report,p. 43,"Sector original: 'Corporate Loans: Electricity Generation'. La intensidad base (0,001176 tCO2e/MWh) es muy inferior a la del segmento project finance (0,500 tCO2e/MWh) porque el 71% de esta cartera son proyectos renovables (96% del kWh financiado). Porcentaje de reducción declarado como 41,7%."
Yapı ve Kredi Bankası A.Ş.,Corporate Loans: Other Long Term Loans (Scope 1+2),Other,Scope 1+2,"Downstream - Cartera de préstamos corporativos a largo plazo, todos los sectores restantes",Debt financing,Global,Whole bank,Temperature Rating (SBTi),IEA NZE 2050,°C,No encontrado,2021,2024,2026,"3,05",,,,"2,64","2,64",,,,,SBTi validado,TRY,,,,,,,,,,,Sí,45839,Yapı Kredi 2024 TSRS Compliant Sustainability Report,p. 44,"Sector original: 'Corporate Loans: Other Long Term Loans'. Objetivo de temperatura de cartera (Temperature Rating). Año objetivo 2026 es el objetivo intermedio; el método 3 prevé alineación con 1,5°C en 2040. El valor del año objetivo es 2,64°C. La métrica es temperatura implícita de cartera en °C."
Yapı ve Kredi Bankası A.Ş.,Corporate Loans: Other Long Term Loans (Scope 1+2+3),Other,Scope 1+2+3,"Downstream - Cartera de préstamos corporativos a largo plazo, todos los sectores restantes",Debt financing,Global,Whole bank,Temperature Rating (SBTi),IEA NZE 2050,°C,No encontrado,2021,2024,2026,"3,2",,,,"2,75","2,75",,,,,SBTi validado,TRY,,,,,,,,,,,Sí,45839,Yapı Kredi 2024 TSRS Compliant Sustainability Report,p. 44,"Sector original: 'Corporate Loans: Other Long Term Loans'. Objetivo idéntico al anterior pero incluye Scope 3. Año objetivo intermedio 2026; alineación a 1,5°C proyectada para 2040."
Yapı ve Kredi Bankası A.Ş.,Iron and Steel (NZBA),Steel,Scope 1+2,Downstream - Producción de acero crudo (NACE C.24). BOF (Basic Oxygen Furnace) y EAF (Electric Arc Furnace).,Debt financing,Global,Whole bank,PCAF; SDA (SBTi/NZBA),IEA NZE 2050,tCO2e/ton steel BOF,No encontrado,2021,2024,2030,"2,57",,,,,"2,55","0,01",,"-0,09%",,SBTi validado,USD,,"13,40% riesgo en loan book; 27,10% emisiones financiadas (loan book); 34,90% riesgo NZBA; 39,40% emisiones NZBA","2,3 MtCO2e (2021)",,,,,,,,Sí,45839,Yapı Kredi 2024 TSRS Compliant Sustainability Report,p. 46-47,"Sector original: 'Iron and Steel'. Volumen de cartera aprox. USD 538 millones (2021). Dos intensidades según tecnología: BOF (2,57→2,55 tCO2e/ton, reducción 1%) y EAF (0,67→0,54 tCO2e/ton, reducción 19%). El informe integrado 2025 (YAPIKREDI_2.pdf, p.130) invierte el orden de Electricity Generation e Iron & Steel en la tabla NZBA respecto al informe TSRS 2024 (p.46); se usa la tabla del informe TSRS 2024 como fuente principal de los objetivos NZBA."
Yapı ve Kredi Bankası A.Ş.,Iron and Steel (NZBA),Steel,Scope 1+2,Downstream - Producción de acero crudo (NACE C.24). BOF (Basic Oxygen Furnace) y EAF (Electric Arc Furnace).,Debt financing,Global,Whole bank,PCAF; SDA (SBTi/NZBA),IEA NZE 2050,tCO2e/ton steel EAF,No encontrado,2021,2024,2030,"0,67",,,,,"0,54","0,19",,"-2,37%",,SBTi validado,USD,,"13,40% riesgo en loan book; 27,10% emisiones financiadas (loan book); 34,90% riesgo NZBA; 39,40% emisiones NZBA","2,3 MtCO2e (2021)",,,,,,,,Sí,45839,Yapı Kredi 2024 TSRS Compliant Sustainability Report,p. 46-47,"Sector original: 'Iron and Steel'. Volumen de cartera aprox. USD 538 millones (2021). Dos intensidades según tecnología: BOF (2,57→2,55 tCO2e/ton, reducción 1%) y EAF (0,67→0,54 tCO2e/ton, reducción 19%). El informe integrado 2025 (YAPIKREDI_2.pdf, p.130) invierte el orden de Electricity Generation e Iron & Steel en la tabla NZBA respecto al informe TSRS 2024 (p.46); se usa la tabla del informe TSRS 2024 como fuente principal de los objetivos NZBA."
Yapı ve Kredi Bankası A.Ş.,Electricity Generation (NZBA),Power,Scope 1,Downstream - Generación eléctrica (NACE 3511). Incluye project finance y corporate loans agregados.,Debt financing,Global,Whole bank,PCAF; SDA (SBTi/NZBA),IEA NZE 2050,tCO2e/MWh,No encontrado,2021,2024,2030,"0,413",,,,,"0,109","0,74",,,,SBTi validado,USD,,"13,30% riesgo en loan book; 27,80% emisiones financiadas (loan book); 34,40% riesgo NZBA; 30,60% emisiones NZBA",,,,,,,,,Sí,45839,Yapı Kredi 2024 TSRS Compliant Sustainability Report,"p. 46, 48","Sector original: 'Electricity Generation' (NZBA target). Esta fila recoge el objetivo NZBA agregado del sector (0,413→0,109 tCO2e/MWh, -74%), distinto del objetivo SBTi para el subsegmento project finance (0,500→0,131) y el corporate loans (0,001176→0,000685). El banco estima aumentar el portfolio share de este sector del 10% al 16% para 2050 con USD 480M/año de nuevas inversiones."
Yapı ve Kredi Bankası A.Ş.,Real Estate (NZBA),Commercial Real Estate,Scope 1+2,"Downstream - Sector inmobiliario (NZBA), cartera predominantemente centros comerciales. Excluye EPC companies.",Debt financing,Global,Whole bank,PCAF; SDA (SBTi/NZBA),IEA NZE 2050,kgCO2e/m²,No encontrado,2021,2024,2030,"50,4",,,,,"10,9","78,00",,,,SBTi validado,TRY,,"10,30% riesgo en loan book; 4,80% emisiones financiadas (loan book); 26,90% riesgo NZBA; 7,20% emisiones NZBA",,,,,,,,,Sí,45839,Yapı Kredi 2024 TSRS Compliant Sustainability Report,"p. 46, 49","Sector original: 'Real Estate' (NZBA target). Fila separada del objetivo SBTi corporate loans real estate (109,78→35,77 kgCO2e/m²) porque el objetivo NZBA (50,4→10,9 kgCO2e/m², -78%) tiene distinto año base de intensidad. El informe TSRS 2024 indica que la cartera inmobiliaria es predominantemente centros comerciales, lo que eleva la intensidad base por encima de la media nacional."
Yapı ve Kredi Bankası A.Ş.,Oil and Gas Downstream (NZBA),Oil & Gas,Scope 1+2+3,Downstream - Distribuidores y minoristas de petróleo y gas (95% del oil portfolio). Upstream excluido.,Debt financing,Global,Whole bank,PCAF; SDA (SBTi/NZBA),IEA NZE 2050,gCO2e/MJ,No encontrado,2021,2024,2030,"70,24",,,,,"67,7","0,04",,,,SBTi validado,TRY,,"2,30% riesgo en loan book; 12,20% emisiones financiadas (loan book); 6,10% riesgo NZBA; 18,30% emisiones NZBA",,,,,,,,,Sí,45839,Yapı Kredi 2024 TSRS Compliant Sustainability Report,"p. 46, 50",Sector original: 'Oil and Gas (Downstream)'. El bajo porcentaje de reducción (4%) refleja que el banco espera alcanzar el pathway global de transición en 2035 con el avance de tecnologías de energía limpia tras 2030. Scope 3 incluido porque las emisiones por combustión del usuario final son el principal componente del sector.
Yapı ve Kredi Bankası A.Ş.,Road Transportation (NZBA),Automotive,Scope 1+2,Downstream - Transporte de mercancías (~71% del balance) y pasajeros (~29%). Financiación de vehículos de transporte.,Debt financing,Global,Whole bank,PCAF; SDA (SBTi/NZBA),IEA NZE 2050,kgCO2e/tkm,No encontrado,2021,2024,2030,"0,143",,,,,"0,109","0,24",,,,SBTi validado,TRY,,"1,20% riesgo en loan book; 1,70% emisiones financiadas (loan book); 3,20% riesgo NZBA; 2,20% emisiones NZBA",,,,,,,,,Sí,45839,Yapı Kredi 2024 TSRS Compliant Sustainability Report,"p. 46, 51","Sector original: 'Road Transportation'. Dos métricas separadas según subsector: freight (kgCO2e/tkm) y passenger (kgCO2e/pkm). El informe integrado 2025 (YAPIKREDI_2.pdf, p.130) muestra la misma tabla NZBA con idénticos valores. Sector Normalizado 'Automotive' es el más próximo disponible en la lista normalizada, aunque el sector abarca transporte de mercancías y pasajeros (no fabricación de automóviles); se anota en comentarios."
Yapı ve Kredi Bankası A.Ş.,Road Transportation (NZBA),Automotive,Scope 1+2,Downstream - Transporte de mercancías (~71% del balance) y pasajeros (~29%). Financiación de vehículos de transporte.,Debt financing,Global,Whole bank,PCAF; SDA (SBTi/NZBA),IEA NZE 2050,kgCO2e/pkm,No encontrado,2021,2024,2030,"0,094",,,,,"0,017","0,82",,,,SBTi validado,TRY,,"1,20% riesgo en loan book; 1,70% emisiones financiadas (loan book); 3,20% riesgo NZBA; 2,20% emisiones NZBA",,,,,,,,,Sí,45839,Yapı Kredi 2024 TSRS Compliant Sustainability Report,"p. 46, 51","Sector original: 'Road Transportation'. Dos métricas separadas según subsector: freight (kgCO2e/tkm) y passenger (kgCO2e/pkm). El informe integrado 2025 (YAPIKREDI_2.pdf, p.130) muestra la misma tabla NZBA con idénticos valores. Sector Normalizado 'Automotive' es el más próximo disponible en la lista normalizada, aunque el sector abarca transporte de mercancías y pasajeros (no fabricación de automóviles); se anota en comentarios."
JPMorgan Chase & Co.,Energy Mix,Oil & Gas,Scope 3,Downstream - End use,Lending; Tax-oriented investments; Capital markets activity,,Whole bank,Carbon Compass / PCAF,IEA NZE 2050,gCO2/MJ,No encontrado,2019,2024,2030,"45,9",,"30,6",,,"29,5","0,36","-33,33%","-3,94%",,,USD,,,,"84,4 MtCO2e (2024)","42,9 MtCO2e (2024)",2500 USDbn acumulado 2021-2030,,,,,,10/2025,2024 Sustainability Report,"p. 24, 26","Sector Normalizado 'Other' asignado a Energy Mix. Porcentaje YTD redondeado del 33,2% declarado. CAGR calculado matemáticamente."
JPMorgan Chase & Co.,Oil & Gas Operational,Oil & Gas,Scope 1+2,Operational,Lending; Tax-oriented investments; Capital markets activity,,Whole bank,Carbon Compass / PCAF,IEA NZE 2050,gCO2e/MJ,No encontrado,2019,2024,2030,"4,9",,4,,,"2,7","0,45","17,20%","-5,27%",,,USD,,,,"2,9 MtCO2e (2024)","4,3 MtCO2e (2024)",2500 USDbn acumulado 2021-2030,,,,,,10/2025,2024 Sustainability Report,"p. 24, 26","Valor de intensidad objetivo calculado a partir de la reducción del 45% sobre el año base de 4,9. Porcentaje YTD redondeado del 17,2% declarado. CAGR calculado."
JPMorgan Chase & Co.,Electric Power,Power,Scope 1,Generation,Lending; Tax-oriented investments; Capital markets activity,,Whole bank,Carbon Compass / PCAF,IEA NZE 2050,kgCO2/MWh,No encontrado,2019,2024,2030,"342,6",,"248,4",,,"105,3","0,69","-0,27","-10,17%",,,USD,,,,"6,3 MtCO2e (2024)","21,1 MtCO2e (2024)",2500 USDbn acumulado 2021-2030,"1,13",,,,,10/2025,2024 Sustainability Report,"p. 24, 26","Porcentaje YTD redondeado del 27,5% declarado. CAGR calculado matemáticamente."
JPMorgan Chase & Co.,Auto Manufacturing,Automotive,Scope 1+2+3,Tank-to-wheel,Lending; Tax-oriented investments; Capital markets activity,,Whole bank,Carbon Compass / PCAF,IEA NZE 2050,gCO2e/km,No encontrado,2019,2024,2030,"164,8",,"131,3",,,"86,1","0,48","-20,33%","-5,73%",,,USD,,,,"1,0 MtCO2e (2024)","2,2 MtCO2e (2024)",2500 USDbn acumulado 2021-2030,,,,,,10/2025,2024 Sustainability Report,"p. 24, 26","El alcance original indica 'Scopes 1, 2 and 3'. Porcentaje YTD redondeado del 20,3% declarado. CAGR calculado matemáticamente."
JPMorgan Chase & Co.,Aviation,Aviation,Scope 1,Tank-to-wake,Lending; Tax-oriented investments; Capital markets activity,,Whole bank,Carbon Compass / PCAF,IEA NZE 2050,gCO2/RTK,No encontrado,2021,2024,2030,"972,6",,"777,3",,,625,36,"-20,08%","-4,79%",,,USD,,,,"0,6 MtCO2e (2024)","1,2 MtCO2e (2024)",2500 USDbn acumulado 2021-2030,,,,,,10/2025,2024 Sustainability Report,"p. 24, 26","Porcentaje YTD redondeado del 20,1% declarado. CAGR calculado matemáticamente a 9 años (2021-2030)."
JPMorgan Chase & Co.,Shipping,Shipping,Scope 1,Tank-to-wake,Lending; Tax-oriented investments; Capital markets activity,,Whole bank,Carbon Compass / PCAF,IEA NZE 2050,gCO2/t-nm,No encontrado,2021,2024,2030,"10,9",,"11,5",,,"8,4",23,"5,50%","-2,85%",,,USD,,,,"0,2 MtCO2e (2024)","0,1 MtCO2e (2024)",2500 USDbn acumulado 2021-2030,,,,,,10/2025,2024 Sustainability Report,"p. 24, 26","Año base 2021 revisado a 10,9. El porcentaje YTD es negativo (-6%) porque la intensidad ha aumentado un 5,7%."
JPMorgan Chase & Co.,Iron & Steel,Steel,Scope 1+2,Crude steel production,Lending; Tax-oriented investments; Capital markets activity,,Whole bank,Carbon Compass / PCAF,IEA NZE 2050,tCO2e/t,No encontrado,2020,2024,2030,"1,412",,"1,291",,,"0,981","0,31","-0,09","-3,58%",,,USD,,,,"3,4 MtCO2e (2024)","1,0 MtCO2e (2024)",2500 USDbn acumulado 2021-2030,,,,,,10/2025,2024 Sustainability Report,"p. 24, 26","Porcentaje YTD redondeado del 8,6% declarado."
JPMorgan Chase & Co.,Cement,Cement,Scope 1+2,Cementitious product,Lending; Tax-oriented investments; Capital markets activity,,Whole bank,Carbon Compass / PCAF,IEA NZE 2050,t CO2 / t cement,No encontrado,2020,2024,2030,"0,6393",,"0,6196",,,"0,46","0,28","-3,08%","-3,24%",,,USD,,,,"0,3 MtCO2e (2024)","1,4 MtCO2e (2024)",2500 USDbn acumulado 2021-2030,,,,,,10/2025,2024 Sustainability Report,"p. 24, 26","Porcentaje YTD redondeado del 3,1% declarado."
JPMorgan Chase & Co.,Aluminum,Aluminum,Scope 1+2,Aluminum production,Lending; Tax-oriented investments; Capital markets activity,,Whole bank,Carbon Compass / PCAF,IAI 1.5º (Based on NZE 2050),tCO2e/t,No encontrado,2021,2024,2030,"8,6",,"9,5",,,"6,5",24,"10,47%","-3,06%",,,USD,,,,"0,6 MtCO2e (2024)","0,4 MtCO2e (2024)",2500 USDbn acumulado 2021-2030,,,,,,10/2025,2024 Sustainability Report,"p. 24, 26","El porcentaje YTD es negativo (-10%) porque la intensidad ha aumentado un 10,4%."
Lloyds Banking Group plc,UK residential mortgages,Residential Real Estate,Scope 1+2,Downstream - UK residential mortgage lending,Amount drawn,UK,Whole bank,PCAF,CCC Seventh Carbon Budget,kgCO2e/m²,No encontrado,2020,2024,2030,46,43,42,,,30,"35,00","11,00","4,19","Ahead of reference pathway by 2,0%",Verificado externamente - Deloitte LLP (limited assurance),GBP,"313,0 £bn (2024)",100,,"4,4 MtCO2e (2024); 4,7 MtCO2e (2023)",,"£18,5bn acumulado 01/2022-09/2025; target £11bn by end 2027 (EPC A/B mortgage lending)",,,,,Sí,46082,Lloyds Banking Group Sustainability Report 2025,p. 79; pp. 93-95,"Target restated en 2025 en línea con CCC Seventh Carbon Budget (originalmente basado en CCC Sixth Carbon Budget). Intensidad 2023 (43 kgCO2e/m²) obtenida de la tabla de financed emissions. % reducción YTD del 11% declarado explícitamente en el documento; cálculo directo (46-42)/46 = 8,7% difiere por posible redondeo del baseline. CAGR calculado: (1-(30/46)^(1/10))*100 = 4,19%. Scope 3 financed emissions tracked pero no incluido en el target de intensidad."
Lloyds Banking Group plc,Commercial and residential real estate (C&RRE),Commercial Real Estate,Scope 1+2,"Downstream - Commercial and residential real estate lending (commercial property, social housing, residential investment)",Amount drawn,UK,Whole bank,PCAF,CCC Seventh Carbon Budget,kgCO2e/m²,No encontrado,2021,2024,2030,38,34,34,,,22,"43,00","12,00","5,89","Behind reference pathway by 5,6%",Verificado externamente - Deloitte LLP (limited assurance),GBP,"21,9 £bn (2024); 18,9 £bn within target","86 (portfolio total: 21,9 £bn)",,"0,5 MtCO2e (2024); 0,6 MtCO2e (2023)",,,,,,,Sí,46082,Lloyds Banking Group Sustainability Report 2025,p. 79; pp. 96-97,"Target restated en 2025 en línea con CCC Seventh Carbon Budget. Baseline 2021 restated de 39 a 38 kgCO2e/m². % reducción YTD del 12% declarado en el documento (cálculo directo: (38-34)/38 = 10,5%; discrepancia debida al baseline original antes del restatement). CAGR calculado: (1-(22/38)^(1/9))*100 = 5,89%. El sector cubre tanto inmuebles comerciales como residenciales en cartera corporativa, distinto de la hipoteca minorista. El sector normalizado Commercial Real Estate es el más próximo, aunque el portfolio incluye también residential real estate en balance corporativo."
Lloyds Banking Group plc,Retail motor (cars and LCVs),Automotive,Scope 1+2,Downstream - Retail financing and leasing of passenger cars and light commercial vehicles,Amount drawn,UK,Whole bank,PCAF,CCC Seventh Carbon Budget,gCO2e/km,No encontrado,2018,2024,2030,157,140,132,,,82,"0,48","16,00","5,27","Ahead of reference pathway by 1,8%",Verificado externamente - Deloitte LLP (limited assurance),GBP,"22,1 £bn (2024); 21,0 £bn within target","95 (portfolio total: 22,1 £bn)",,"2,4 MtCO2e (2024); 2,4 MtCO2e (2023); 3,7 MtCO2e (2018)",,"£12,1bn acumulado 01/2022-09/2025; target £10bn EV financing by end 2027",,,,,Sí,46082,Lloyds Banking Group Sustainability Report 2025,p. 79; pp. 102-103,"Target restated en 2025 en línea con CCC Seventh Carbon Budget: se combinan Cars y LCVs en un único target de intensidad (anteriormente separados). Operado a través de Lex Autolease, Black Horse, Tusker y marcas core. % reducción YTD del 16% declarado explícitamente en el documento. CAGR calculado: (1-(82/157)^(1/12))*100 = 5,27%. El target cubre scope 1 y 2 de las emisiones de los vehículos financiados."
Lloyds Banking Group plc,Road passenger transport,Other,Scope 1+2,"Downstream - Lending to bus, coach, taxi and rental operators",Amount drawn,UK,Whole bank,PCAF,CCC Seventh Carbon Budget,gCO2e/pkm,No encontrado,2019,2024,2030,125,114,109,,,67,"47,00","13,00","5,51","Behind reference pathway by 0,6%",Verificado externamente - Deloitte LLP (limited assurance),GBP,"1,1 £bn (2024); 0,6 £bn within target","53 (portfolio total: 1,1 £bn)",,"0,2 MtCO2e Scope 1+2 + 0,2 MtCO2e Scope 3 (2024); 0,1 MtCO2e S1+2 + 0,2 MtCO2e S3 (2023)","0,21 MtCO2e S1+2 (100% weighting) + 0,09 MtCO2e S3 (100% weighting) (2024); facilitated amount £0,0bn",,,,,,Sí,46082,Lloyds Banking Group Sustainability Report 2025,p. 79; p. 104,"Sector no encaja exactamente en ninguno de los sectores normalizados; se usa 'Other'. Nombre original: 'Road passenger transport'. Baseline 2019 restated de 141 a 125 gCO2e/pkm. % reducción YTD calculado: (125-109)/125 = 12,8%, redondeado a 13%. CAGR calculado: (1-(67/125)^(1/11))*100 = 5,51%. Facilitated emissions también declaradas bajo PCAF Part B (baseline 2023): S1+2 0,31 MtCO2e (100%), S3 0,12 MtCO2e (100%), facilitated amount £0,4bn."
Lloyds Banking Group plc,Automotive original equipment manufacturers (OEMs),Automotive,Scope 1+2+3,Downstream - Lending to automotive vehicle manufacturers (OEMs),Amount drawn; Capital markets facilitated,Global,Whole bank,PCAF,CCC Seventh Carbon Budget,gCO2e/vkm,No encontrado,2020,2024,2030,246,293,234,,,131,"0,47","5,00","6,11","Behind reference pathway by 18,7%",Verificado externamente - Deloitte LLP (limited assurance),GBP,"8,6 £bn (2024); 8,5 £bn within target","99 (portfolio total: 8,6 £bn)",,"0,2 MtCO2e S1+2 + 14,5 MtCO2e S3 (2024); 0,2 MtCO2e S1+2 + 15,0 MtCO2e S3 (2023)","0,09 MtCO2e S1+2 + 6,72 MtCO2e S3 (100% weighting, 2024); facilitated amount £4,3bn. Baseline 2023: 0,06 MtCO2e S1+2 + 5,74 MtCO2e S3 (£2,8bn)",,,,,,Sí,46082,Lloyds Banking Group Sustainability Report 2025,p. 79; p. 106,"Target incluye explícitamente scope 1, 2 y 3. Baseline 2020 restated de 249 a 246 gCO2e/vkm. La intensidad de 2023 (293 gCO2e/vkm) es superior al baseline por cambios metodológicos y de portfolio. % reducción YTD calculado: (246-234)/246 = 4,9%, redondeado a 5%. CAGR calculado: (1-(131/246)^(1/10))*100 = 6,11%. La mayoría de los clientes han adoptado targets 1,5°C-aligned mediante SBTi. Facilitated emissions declaradas bajo PCAF Part B (baseline 2023)."
Lloyds Banking Group plc,Aviation,Aviation,Scope 1+2+3,Downstream - Lending to aviation (passenger and freight) companies,Amount drawn,UK,Whole bank,PCAF,IEA ETP 2020 (well below 2°C),gCO2e/rtk,No encontrado,2019,2024,2030,1143,901,743,,,788,"31,00","35,00","3,32","Ahead of reference pathway by 24,4% (2024 actual already below 2030 target)",Verificado externamente - Deloitte LLP (limited assurance),GBP,"0,0 £bn (2024)",84,,"~0 MtCO2e S1+2 (2024); 0,1 MtCO2e S1+2 (2023)",,,,,,,Sí,46082,Lloyds Banking Group Sustainability Report 2025,p. 79; p. 105,"El escenario de referencia es IEA ETP 2020 alineado con 'well below 2°C' (no 1,5°C). La intensidad de 743 gCO2e/rtk en 2024 ya está por debajo del target 2030 de 788 gCO2e/rtk. El alcance (scope 1+2+3) se asume porque la intensidad de la métrica (743 gCO2e/rtk) es muy superior a los valores de scope 1+2 registrados (~0 MtCO2e en 2024); el documento no especifica el scope explícitamente para esta métrica. Baseline 2019 restated de 1.068 a 1.143 gCO2e/rtk por mejora de datos scope 3. % reducción YTD calculado: (1143-743)/1143 = 35,0%. CAGR calculado: (1-(788/1143)^(1/11))*100 = 3,32%."
Lloyds Banking Group plc,Agriculture,Agriculture,Scope 1+2,"Downstream - Primary agriculture lending (on-farm production, excluding LULUCF)",Amount drawn,UK,Whole bank,PCAF,CCC Seventh Carbon Budget,MtCO2e,No encontrado,2021,2024,2030,"6,6","5,8","5,4",,,"5,1","23,00","19,00","2,83","Ahead of reference pathway by 13,3%",Verificado externamente - Deloitte LLP (limited assurance),GBP,"6,2 £bn (2024); 5,8 £bn within target","93 (portfolio total: 6,2 £bn)",,"5,4 MtCO2e (2024); 5,8 MtCO2e (2023)",,,,,,,Sí,46082,Lloyds Banking Group Sustainability Report 2025,p. 79; pp. 108-110,"Target es absoluto (MtCO2e), no de intensidad. El target excluye LULUCF (Land Use, Land-Use Change and Forestry). Baseline 2021 restated de 6,7 a 6,6 MtCO2e. % reducción YTD del 19% declarado explícitamente en el documento. La reducción observada se debe principalmente a reducción en drawn balances y no a cambios en prácticas agrícolas. CAGR calculado: (1-(5,1/6,6)^(1/9))*100 = 2,83%. El banco tiene la mayor cuota de mercado en el sector agrícola del Reino Unido. El banco colabora con Soil Association Exchange y Earth Blox para análisis de naturaleza en este sector, pero no como fuente de datos de emisiones financiadas."
Lloyds Banking Group plc,Oil and gas,Oil & Gas,Scope 1+2+3,Upstream/Midstream/Downstream - Lending to oil and gas companies,Amount drawn; Capital markets facilitated,UK,Whole bank,PCAF,IEA NZE 2050,MtCO2e,No encontrado,2019,2024,2030,"7,2","1,7","1,6",,,"3,6","0,50","78,00","6,11","Ahead of reference pathway by 59,3% (2024 actual 1,6 MtCO2e vs 2030 target 3,6 MtCO2e)",Verificado externamente - Deloitte LLP (limited assurance),GBP,"1,4 £bn (2024); 0,5 £bn within target","37 (portfolio total: 1,4 £bn)",,"0,2 MtCO2e S1+2 + 1,4 MtCO2e S3 = 1,6 MtCO2e total (2024); 0,2 MtCO2e S1+2 + 1,5 MtCO2e S3 = 1,7 MtCO2e total (2023)","0,10 MtCO2e S1+2 + 0,70 MtCO2e S3 (100% weighting, 2024); facilitated amount £0,3bn. Baseline 2023: 0,06 MtCO2e S1+2 + 0,54 MtCO2e S3 (£0,2bn)",,"En exploración (ESFR - Energy Supply Financing Ratio piloto anunciado en 2025, no publicado aún)",,,,Sí,46082,Lloyds Banking Group Sustainability Report 2025,p. 79; p. 88,"Target incluye scope 1, 2 y 3 de emisiones financiadas absolutas (amount drawn). Baseline 2019 originalmente declarado como 6,4 MtCO2e; restated a 7,2 MtCO2e por corrección de errores manuales en dos clientes y mejoras metodológicas. El target original era 3,9 MtCO2e (de baseline 6,4); el nuevo target es 3,6 MtCO2e (de baseline 7,2 MtCO2e), ambos representan 50% reducción. 2024 actual (1,6 MtCO2e) ya está por debajo del target 2030 (3,6 MtCO2e). La fuerte reducción se debe a reducción de drawn balances y de emisiones reportadas por clientes. El banco no financia nuevos desarrollos greenfield de oil & gas. El IEA NZE 2050 citado hace referencia al escenario en el sustainability metrics basis of reporting. CAGR calculado: (1-(3,6/7,2)^(1/11))*100 = 6,11%."
Lloyds Banking Group plc,Power generation,Power,Scope 1+2,"Energy production - Power generation (fossil fuels, nuclear, renewables)",Amount drawn; Capital markets facilitated,UK; Europa,Whole bank,PCAF,IEA NZE 2050,gCO2e/kWh,No encontrado,2020,2024,2030,264,52,6,,,51,"0,81","-0,98","15,16","Ahead of reference pathway by 96,4% (2024 actual 6 gCO2e/kWh vs 2030 target 51 gCO2e/kWh)",Verificado externamente - Deloitte LLP (limited assurance),GBP,"4,0 £bn (2024); 2,9 £bn within target","73 (portfolio total: 4,0 £bn)",,"0,1 MtCO2e S1+2 (2024); 0,1 MtCO2e S1+2 (2023)","0,04 MtCO2e S1+2 + 0,17 MtCO2e S3 (100% weighting, 2024); facilitated amount £0,1bn. Baseline 2023: 0,07 MtCO2e S1+2 + 0,11 MtCO2e S3 (£0,4bn)",,"En exploración (ESFR - Energy Supply Financing Ratio piloto anunciado en 2025, no publicado aún)",,,,Sí,46082,Lloyds Banking Group Sustainability Report 2025,p. 79; p. 89,"Target de intensidad scope 1 y 2. Baseline 2020 restated de 276 a 264 gCO2e/kWh. La reducción del 98% desde baseline se debe a reducción de exposición a proyectos de alta intensidad y aumento significativo de lending a renovables. La intensidad actual de 6 gCO2e/kWh ya está por debajo del target 2030 de 51 gCO2e/kWh. CAGR calculado: (1-(51/264)^(1/10))*100 = 15,16%. El banco financió la construcción de Sizewell C (£633 millones de debt commitment, nueva planta nuclear en Suffolk). En 2025 se exploró el Energy Supply Financing Ratio (ESFR) como métrica complementaria, con publicación prevista en ciclos futuros."
Lloyds Banking Group plc,Thermal coal,Thermal Coal Mining,,Downstream - Lending to entities that generate energy from thermal coal or operate thermal coal facilities,Amount drawn,Global,Whole bank,PCAF,No declarado,Salida total (exit),No encontrado,,,2030,,,,,,0 (full exit),"100,00",,,Full exit from thermal coal power UK achieved by 2023. Full exit from all entities operating thermal coal facilities by 2030,Verificado externamente - Deloitte LLP (limited assurance),GBP,,,,,,,,,,,Sí,46082,Lloyds Banking Group Sustainability Report 2025,p. 79; p. 90,El sector normalizado 'Thermal Coal Mining' es el más próximo aunque el target de Lloyds cubre tanto la generación de energía a partir de carbón térmico como las entidades mineras diversificadas que operan instalaciones de carbón. El banco se unió a la Powering Past Coal Alliance (PPCA) en noviembre de 2021. Target cualitativo sin métrica cuantitativa: salida completa de carbón térmico en UK ya ejecutada (2023); salida completa global de todas las entidades que operan instalaciones de carbón térmico para 2030. El banco puede financiar actividades orientadas a reducir el portfolio de carbón (desmantelamiento o transición) pero no actividadades que prolonguen la vida de instalaciones existentes. El Alcance (Scopes) no se especifica dado el carácter cualitativo del target.
Lloyds Banking Group plc,Scottish Widows investment portfolio,Other,Scope 1+2,"Investment portfolio - Listed equities, corporate bonds, sovereign bonds (all sectors)",Equity financing; Debt financing,Global,Scottish Widows,PCAF,"No declarado (Paris Agreement aligned, net zero by 2050)",tCO2e/£m,No encontrado,2019,2024,2030,"116,1","64,7","55,2",,,58,"50,00","52,00","6,11",On track (52% reduction vs 50% target; target achieved early),Verificado externamente - Deloitte LLP (limited assurance),GBP,"187,9 £bn AUM (2024)",,,"8,8 MtCO2e S1+2 total (2024); 9,7 MtCO2e S1+2 (2023); 12,5 MtCO2e S1+2 (2019 baseline)",,"£81,3bn invertidos en estrategias climate-aware acumulado a 31/12/2025; target £20-25bn en 2025 (superado)",,,,,Sí,46082,Lloyds Banking Group Sustainability Report 2025,pp. 111-118,"El target de Scottish Widows es una reducción del 50% del 'carbon footprint' (tCO2e/£m) del portfolio de inversión para 2030 desde el baseline de 2019. El valor objetivo 2030 es ~58 tCO2e/£m (50% de 116,1). El valor de 2024 (55,2 tCO2e/£m) ya supera el target 2030. La reducción 2019-2024 del 52% se debe principalmente a la revalorización del portfolio (subida de mercados) además de reducciones reales en emisiones. El sector normalizado 'Other' se usa por ser un portfolio diversificado multi-sectorial. CAGR calculado: (1-(58/116,1)^(1/11))*100 = 6,11%. El portfolio total AUM es £187,9bn; se excluyen bonos soberanos (£14,9bn) de los cálculos de financed emissions. El banco lanzó en 2025 el fondo Lifetime Investment con ESG tilt y reducción de carbono del 50% vs benchmark."
UniCredit S.p.A.,Oil & Gas,Oil & Gas,Scope 1+2+3,"Upstream, Midstream, Downstream",Debt financing,Global,Whole bank,PCAF; UNEP FI,IEA NZ 2050 (World),MtCO2e,No encontrado,2021,2024,2030,"19,4",,"9,9",,,"13,7","0,29","-48,97%","-3,79%",ahead of target,,EUR,"5,4 €bn (2024)",,,"9,9 MtCO2e (2024)",,,,,,,Sí,46054,2025 Annual Reports and Accounts,"p. 250, 258",Reducción año base vs año objetivo calculada a partir del 29% indicado.
UniCredit S.p.A.,Power Generation,Power,Scope 1,Power Generation,Debt financing,Europa,Whole bank,PCAF; UNEP FI,IEA NZ 2050 (Europe),gCO2e/kWh,No encontrado,2021,2024,2030,209,,93,,,111,"0,47","-0,56","-6,79%",already below the 2030 intermediate target,,EUR,"9,7 €bn (2024)",,,"1,1 MtCO2e (2024)",,,,,,,Sí,46054,2025 Annual Reports and Accounts,"p. 250, 259",Reducción año base vs año objetivo calculada manualmente (209 a 111 = 47%).
UniCredit S.p.A.,Automotive,Automotive,Scope 3,Automotive Manufacturers (Light-duty Vehicles) - Tank-To-Wheel,Debt financing,Global,Whole bank,PCAF; UNEP FI,IEA NZ 2050 (World),gCO2/vKm,No encontrado,2021,2024,2030,161,116,108,,,95,"0,41","-32,92%","-5,69%",,,EUR,"1,6 €bn (2024)",,,"0,5 MtCO2e (2024)",,,,,,,Sí,46054,2025 Annual Reports and Accounts,"p. 250, 261",Reducción año base vs año objetivo calculada manualmente (161 a 95 = 41%).
UniCredit S.p.A.,Steel,Steel,Scope 1+2+3,Crude steel makers - Fixed System Boundary,Debt financing,Global,Whole bank,PCAF; UNEP FI,IEA NZ 2050 (World),tCO2/tSteel,No encontrado,2022,2024,2030,"1,45","1,5","1,28",,,"1,11","0,23","-0,12","-3,28%",,,EUR,"1,8 €bn (2024)",,,"1,7 MtCO2e (2024)",,,,,,,Sí,46054,2025 Annual Reports and Accounts,"p. 250, 262","Reducción año base vs año objetivo calculada manualmente (1,45 a 1,11 = 23%)."
UniCredit S.p.A.,Shipping - Passenger,Shipping,Scope 1+3,Shipping operators - Well-To-Wake,Debt financing,Global,Whole bank,PCAF; UNEP FI,IEA NZ 2050 (World),gCO2e/GT-nm,No encontrado,2022,2024,2030,"14,1",14,"13,3",,,,"30,00%","-5,67%","4,36",,,EUR,"2,3 €bn (2024)",,,"0,6 Shipping total MtCO2e (2024)",,,,,,,Sí,46054,2025 Annual Reports and Accounts,"p. 250, 264","Portfolio amount aplica a todo el sector Shipping. La reducción YTD es específica para Passenger (-5%), mientras que la total del sector es -6%. El target del 30% aplica al sector en conjunto."
UniCredit S.p.A.,Shipping - Merchant,Shipping,Scope 1+3,Shipping operators - Well-To-Wake,Debt financing,Global,Whole bank,PCAF; UNEP FI,IEA NZ 2050 (World),gCO2e/DWT-nm,No encontrado,2022,2024,2030,"9,5","9,3","8,5",,,,"30,00%","-10,53%","4,36",,,EUR,"2,3 €bn (2024)",,,"0,6 Shipping total MtCO2e (2024)",,,,,,,Sí,46054,2025 Annual Reports and Accounts,"p. 250, 264","La reducción YTD calculada manualmente es 11% para Merchant, la media del sector reportada es 6%. Portfolio amount aplica a todo Shipping."
UniCredit S.p.A.,Commercial Real Estate,Commercial Real Estate,Scope 1+2+3,Real Estate operators - building owners (asset financing),Debt financing,"Italy, Germany, Austria",Whole bank,PCAF; UNEP FI,CRREM v.2.01,kgCO2e/m²,No encontrado,2022,2024,2030,"44,2","43,4","39,8",,,,44-55,"-9,95%",,,,EUR,"29,3 €bn (2024)",,,"0,5 MtCO2e (2024)",,,,,,,Sí,46054,2025 Annual Reports and Accounts,"p. 250, 266",Alcance incluye Scope 3 si el activo es alquilado por los propietarios de los edificios.
UniCredit S.p.A.,Residential Real Estate,Residential Real Estate,Scope 1+2+3,Homeowners (mortgages),Debt financing,"Italy, Germany, Austria",Whole bank,PCAF; UNEP FI,No declarado,kgCO2e/m²,No encontrado,2022,2024,Seguimiento,"36,3","35,8","33,8",,,,,"-6,89%",,,,EUR,,,,"1,2 MtCO2e (2024)",,,,,,,Sí,46054,2025 Annual Reports and Accounts,"p. 250, 267","No hay objetivo formal para 2030, solo seguimiento. Portfolio amount en 2022 era de 72,8 €bn. Alcance incluye Scope 3 si la propiedad es alquilada."
UniCredit S.p.A.,Coal,Thermal Coal Mining,,Coal-Fired Power Generation and thermal coal mining,Debt financing,Global,Whole bank,,No declarado,Phase out,No encontrado,,,2028,,,,,,,,,,,,EUR,,,,,,,,,,,Sí,46054,2025 Annual Reports and Accounts,p. 243,Política de abandono total (phase out) para 2028.
Morgan Stanley,Auto Manufacturing,Automotive,Scope 1+2+3,Corporate relationship lending portfolio,Amount drawn;Undrawn commitments,,,,No declarado,gCO2e/vkm,No encontrado,2022,2023,2030,153,148,,,,84,"0,45",3,"4,15-7,20",,No validado,USD,,,,95039 tCO2e (2022); 42453 tCO2e (2023),,815 USDbn acumulado hasta 2024,,,,,,2024,2024 Sustainability Report,p. 32,Se asume Alcance Scope 1+2+3 por indicar Scope 1+2 and Scope 3 (Category 11). Porcentaje de reducción YTD calculado.
Morgan Stanley,Auto Manufacturing,Automotive,Scope 1+2+3,Corporate relationship lending portfolio,Amount drawn;Undrawn commitments,,,,No declarado,gCO2e/vkm,No encontrado,2022,2023,2030,153,148,,,,109,"0,29",3,"4,15-7,20",,No validado,USD,,,,95039 tCO2e (2022); 42453 tCO2e (2023),,815 USDbn acumulado hasta 2024,,,,,,2024,2024 Sustainability Report,p. 32,Se asume Alcance Scope 1+2+3 por indicar Scope 1+2 and Scope 3 (Category 11). Porcentaje de reducción YTD calculado.
Morgan Stanley,Aviation,Aviation,Scope 1,Corporate relationship lending portfolio,Amount drawn;Undrawn commitments,,,,No declarado,gCO2e/revenue tonne km (RTK),No encontrado,2022,2023,2030,872,870,,,,663-759,13-24,0,"1,72-3,37",,No validado,USD,,,,65142 tCO2e (2022); 40460 tCO2e (2023),,815 USDbn acumulado hasta 2024,,,,,,2024,2024 Sustainability Report,p. 32,Porcentaje de reducción YTD calculado.
Morgan Stanley,Chemicals,Other,Scope 1+2,Corporate relationship lending portfolio,Amount drawn;Undrawn commitments,,,,No declarado,kgCO2e/tonne produced,No encontrado,2022,2023,2030,758,647,,,,546-622,18-28,15,"2,44-4,02",,No validado,USD,,,,822562 tCO2e (2022); 1333791 tCO2e (2023),,815 USDbn acumulado hasta 2024,,,,,,2024,2024 Sustainability Report,p. 32,Sector Normalizado 'Other' porque Chemicals no está en la lista. Porcentaje de reducción YTD calculado.
Morgan Stanley,Energy-End Use,Oil & Gas,Scope 3,Corporate relationship lending portfolio,Amount drawn;Undrawn commitments,,,,No declarado,gCO2e/MJ,No encontrado,2022,2023,2030,"60,4","60,2",,,,"48,9","0,19",0,"1,30-2,61",,No validado,USD,,,,3393223 tCO2e Scope 3 del sector Energy (2022); 2224966 tCO2e Scope 3 del sector Energy (2023),,815 USDbn acumulado hasta 2024,,,,,,2024,2024 Sustainability Report,p. 32,Sector Normalizado 'Oil & Gas' por proximidad a Energy. Alcance incluye Scope 3 (Category 11). Porcentaje de reducción YTD calculado.
Morgan Stanley,Energy-End Use,Oil & Gas,Scope 3,Corporate relationship lending portfolio,Amount drawn;Undrawn commitments,,,,No declarado,gCO2e/MJ,No encontrado,2022,2023,2030,"60,4","60,2",,,,"54,4","0,10",0,"1,30-2,61",,No validado,USD,,,,3393223 tCO2e Scope 3 del sector Energy (2022); 2224966 tCO2e Scope 3 del sector Energy (2023),,815 USDbn acumulado hasta 2024,,,,,,2024,2024 Sustainability Report,p. 32,Sector Normalizado 'Oil & Gas' por proximidad a Energy. Alcance incluye Scope 3 (Category 11). Porcentaje de reducción YTD calculado.
Morgan Stanley,Energy-Operational,Oil & Gas,Scope 1+2,Corporate relationship lending portfolio,Amount drawn;Undrawn commitments,,,,No declarado,gCO2e/MJ,No encontrado,2022,2023,2030,"6,2","6,1",,,,"4,9","0,21",2,"1,71-2,90",,No validado,USD,,,,209604 tCO2e Scope 1+2 del sector Energy (2022); 190918 tCO2e Scope 1+2 del sector Energy (2023),,815 USDbn acumulado hasta 2024,,,,,,2024,2024 Sustainability Report,p. 32,Sector Normalizado 'Oil & Gas' por proximidad a Energy. Porcentaje de reducción YTD calculado.
Morgan Stanley,Energy-Operational,Oil & Gas,Scope 1+2,Corporate relationship lending portfolio,Amount drawn;Undrawn commitments,,,,No declarado,gCO2e/MJ,No encontrado,2022,2023,2030,"6,2","6,1",,,,"5,4","0,13",2,"1,71-2,90",,No validado,USD,,,,209604 tCO2e Scope 1+2 del sector Energy (2022); 190918 tCO2e Scope 1+2 del sector Energy (2023),,815 USDbn acumulado hasta 2024,,,,,,2024,2024 Sustainability Report,p. 32,Sector Normalizado 'Oil & Gas' por proximidad a Energy. Porcentaje de reducción YTD calculado.
Morgan Stanley,Mining,Other,Scope 1+2,Corporate relationship lending portfolio,Amount drawn;Undrawn commitments,,,,No declarado,tCO2e/tonne CuEq,No encontrado,2022,2023,2030,"7,1","7,1",,,,"4,9-5,5",23-31,0,"3,14-4,53",,No validado,USD,,,,117858 tCO2e (2022); 69522 tCO2e (2023),,815 USDbn acumulado hasta 2024,,,,,,2024,2024 Sustainability Report,p. 32,Sector Normalizado 'Other' porque Mining no está en la lista. Porcentaje de reducción YTD calculado.
Morgan Stanley,Power,Power,Scope 1,Corporate relationship lending portfolio,Amount drawn;Undrawn commitments,,,,No declarado,kgCO2e/MWh,No encontrado,2022,2023,2030,355,316,,,,142,"0,60",11,"7,20-10,82",,No validado,USD,,,,861149 tCO2e (2022); 720779 tCO2e (2023),,815 USDbn acumulado hasta 2024,,,,,,2024,2024 Sustainability Report,p. 32,Porcentaje de reducción YTD calculado.
Morgan Stanley,Power,Power,Scope 1,Corporate relationship lending portfolio,Amount drawn;Undrawn commitments,,,,No declarado,kgCO2e/MWh,No encontrado,2022,2023,2030,355,316,,,,195,"0,45",11,"7,20-10,82",,No validado,USD,,,,861149 tCO2e (2022); 720779 tCO2e (2023),,815 USDbn acumulado hasta 2024,,,,,,2024,2024 Sustainability Report,p. 32,Porcentaje de reducción YTD calculado.
"The Goldman Sachs Group, Inc.",Energy,Oil & Gas,Scope 1+2+3,Upstream and downstream liquid and gaseous fuel producers,Corporate lending commitments; capital markets financing; select on-balance-sheet investments,,Whole bank,,"Goldman Sachs Carbonomics 1,5°C / 2°C pathways",gCO2e/MJ,No encontrado,2019,2023,2030,72,67,,,,56,"0,22",7,,,,USD,,,,,,675 $bn acumulado 2020-2025,,,,,,12/2025,Goldman Sachs Sustainability Report,p. 43,Cálculos de porcentajes de reducción (objetivo 17-22% e YTD 7%) realizados a partir de los datos de intensidad reportados. El volumen de movilización de 675 $bn corresponde a toda la entidad entre 2020 y junio de 2025.
"The Goldman Sachs Group, Inc.",Energy,Oil & Gas,Scope 1+2+3,Upstream and downstream liquid and gaseous fuel producers,Corporate lending commitments; capital markets financing; select on-balance-sheet investments,,Whole bank,,"Goldman Sachs Carbonomics 1,5°C / 2°C pathways",gCO2e/MJ,No encontrado,2019,2023,2030,72,67,,,,60,"0,17",7,,,,USD,,,,,,675 $bn acumulado 2020-2025,,,,,,12/2025,Goldman Sachs Sustainability Report,p. 43,Cálculos de porcentajes de reducción (objetivo 17-22% e YTD 7%) realizados a partir de los datos de intensidad reportados. El volumen de movilización de 675 $bn corresponde a toda la entidad entre 2020 y junio de 2025.
"The Goldman Sachs Group, Inc.",Power,Power,Scope 1,Electricity producers,Corporate lending commitments; capital markets financing; select on-balance-sheet investments,,Whole bank,,"Goldman Sachs Carbonomics 1,5°C / 2°C pathways",kgCO2e/MWh,No encontrado,2019,2023,2030,417,265,,,,147-219,47-65,"36,00",,,,USD,,,,,,675 $bn acumulado 2020-2025,,,,,,12/2025,Goldman Sachs Sustainability Report,p. 43,Cálculos de porcentajes de reducción (objetivo 47-65% e YTD 36%) realizados a partir de los datos de intensidad reportados.
"The Goldman Sachs Group, Inc.",Auto Manufacturing,Automotive,Scope 1+2+3,Light-duty vehicle manufacturers and electric vehicle battery manufacturers,Corporate lending commitments; capital markets financing; select on-balance-sheet investments,,Whole bank,,"Goldman Sachs Carbonomics 1,5°C / 2°C pathways",gCO2e/km,No encontrado,2019,2023,2030,152,149,,,,70,"0,54",2,,,,USD,,,,,,675 $bn acumulado 2020-2025,,,,,,12/2025,Goldman Sachs Sustainability Report,p. 43,Cálculos de porcentajes de reducción (objetivo 49-54% e YTD 2%) realizados a partir de los datos de intensidad reportados. El alcance (scope) específico indicado en el documento incluye Scopes 1-2 y Scope 3 TTW.
"The Goldman Sachs Group, Inc.",Auto Manufacturing,Automotive,Scope 1+2+3,Light-duty vehicle manufacturers and electric vehicle battery manufacturers,Corporate lending commitments; capital markets financing; select on-balance-sheet investments,,Whole bank,,"Goldman Sachs Carbonomics 1,5°C / 2°C pathways",gCO2e/km,No encontrado,2019,2023,2030,152,149,,,,77,"0,49",2,,,,USD,,,,,,675 $bn acumulado 2020-2025,,,,,,12/2025,Goldman Sachs Sustainability Report,p. 43,Cálculos de porcentajes de reducción (objetivo 49-54% e YTD 2%) realizados a partir de los datos de intensidad reportados. El alcance (scope) específico indicado en el documento incluye Scopes 1-2 y Scope 3 TTW.
Commerzbank AG,Energy,Power,Scope 1+2+3,Energy generation,Amount drawn; Debt financing; Equity financing,Global,Whole bank,SBTi,SBTi net-zero scenario (1.5°C),gCO2e/kWh,No encontrado,2021,,2030,"98,46",,,,,"25,6","0,74",,"-13,88",,SBTi validado,,,,,,,,,,,,Sí,46143,COMMERZBANKesg-framework-pdf_3.pdf,p. 27,Valor base calculado a partir del objetivo y porcentaje de reducción declarado en el documento.
Commerzbank AG,Commercial real estate,Commercial Real Estate,Scope 1+2+3,Owners,Amount drawn; Debt financing; Equity financing,Global,Whole bank,SBTi,SBTi net-zero scenario (1.5°C),kgCO2e/m²,No encontrado,2021,,2030,"84,84",,,,,28,67,,"-11,62",,SBTi validado,,,,,,,,,,,,Sí,05/2026,COMMERZBANKesg-framework-pdf_3.pdf,p. 28,Valor base calculado a partir de los objetivos declarados.
Commerzbank AG,Residential real estate,Residential Real Estate,Scope 1+2+3,Homeowners,Amount drawn; Debt financing; Equity financing,Global,Whole bank,SBTi,SBTi net-zero scenario (1.5°C),kgCO2e/m²,No encontrado,2021,,2030,"46,51",,,,,20,57,,"-8,93",,No validado,,,,,,,,,,,,Sí,05/2026,COMMERZBANKesg-framework-pdf_3.pdf,p. 29,"Excluido de la revalidación actual de SBTi, se gestiona como objetivo interno. Valor base calculado."
Commerzbank AG,Cement,Cement,Scope 1+2+3,Production,Amount drawn; Debt financing; Equity financing,Global,Whole bank,SBTi,SBTi net-zero scenario (1.5°C),t CO2 / t cement,No encontrado,2021,,2030,"0,7",,,,,"0,50","0,29",,"-3,67",,SBTi validado,,,,,,,,,,,,Sí,46143,COMMERZBANKesg-framework-pdf_3.pdf,p. 30,.
Commerzbank AG,Iron and steel,Steel,Scope 1+2+3,Production,Amount drawn; Debt financing; Equity financing,Global,Whole bank,SBTi,SBTi net-zero scenario (1.5°C),t CO2e/t steel,No encontrado,2021,,2030,"1,33",,,,,1,"0,25",,"-3,12%",,SBTi validado,,,,,,,,,,,,Sí,46143,COMMERZBANKesg-framework-pdf_3.pdf,p. 31,Valor base calculado inferido de la reducción del 25%.
Commerzbank AG,Automotive,Automotive,Scope 1+2+3,Producers,Amount drawn; Debt financing; Equity financing,Global,Whole bank,SBTi,SBTi Beyond 2°C scenario (1.8°C),g CO2e/pkm,No encontrado,2021,,2030,"169,57",,,,,117,"0,31",,"-4,03",,SBTi validado,,,,,,,,,,,,Sí,05/2026,COMMERZBANKesg-framework-pdf_3.pdf,p. 32,Valor base calculado inferido de la reducción del 31%.
Commerzbank AG,Aviation,Aviation,Scope 1+2+3,Airlines/operators,Amount drawn; Debt financing; Equity financing,Global,Whole bank,SBTi,SBTi Interim 1.5°C pathway,g CO2e/tkm,No encontrado,2023,,2030,"780,26","780,26",,,,593,24,,"-3,85",,No validado,,,,,,,,,,,,Sí,05/2026,COMMERZBANKesg-framework-pdf_3.pdf,p. 33,Año base es 2023. Transición a objetivo interno desde 2026.
Commerzbank AG,Corporate loans,Other,Scope 1+2,General corporate purposes,Amount drawn; Debt financing; Equity financing,Global,Whole bank,Temperature Score Methodology,1.5°C target level,°C,Bloomberg,2021,,2026,"3,11",,,,"2,69","2,69",14,,"-2,86",,No validado,,,,,,,,,,"3,11",,Sí,05/2026,COMMERZBANKesg-framework-pdf_3.pdf,p. 34,Data source inferido como Bloomberg para las métricas de Temperature Score. Reducciones y CAGR calculadas.
Commerzbank AG,Corporate loans,Other,Scope 1+2+3,General corporate purposes,Amount drawn; Debt financing; Equity financing,Global,Whole bank,Temperature Score Methodology,1.5°C target level,°C,Bloomberg,2021,,2026,"3,15",,,,"2,71","2,71",14,,"-2,96",,No validado,,,,,,,,,,"3,15",,Sí,05/2026,COMMERZBANKesg-framework-pdf_3.pdf,p. 34,Reducciones y CAGR calculadas matemáticamente.
Commerzbank AG,Investments,Other,Scope 1+2,Investments,Amount drawn; Debt financing; Equity financing,Global,Whole bank,Temperature Score Methodology,1.5°C target level,°C,Bloomberg,2021,,2026,"3,03",,,,"2,63","2,63",13,,"-2,79",,No validado,,,,,,,,,,"3,03",,Sí,05/2026,COMMERZBANKesg-framework-pdf_3.pdf,p. 34,Reducciones y CAGR calculadas matemáticamente.
Commerzbank AG,Investments,Other,Scope 1+2+3,Investments,Amount drawn; Debt financing; Equity financing,Global,Whole bank,Temperature Score Methodology,1.5°C target level,°C,Bloomberg,2021,,2026,"3,07",,,,"2,66","2,66",13,,"-2,83",,No validado,,,,,,,,,,"3,07",,Sí,05/2026,COMMERZBANKesg-framework-pdf_3.pdf,p. 34,Reducciones y CAGR calculadas matemáticamente.
Commerzbank AG,Banking operations,Other,Scope 1+2,Company facilities; Company vehicles,Own operations,Global,Whole bank,VfU / GHG Protocol,No declarado,Absoluto,No encontrado,2021,,2040,"34,8",,,,,0,100,,,,Verificado externamente - ISS-Corporate,,,,,"34,8",,,,,,,Sí,05/2026,COMMERZBANKesg-framework-pdf_3.pdf,p. 59,Emisiones absolutas reportadas en gráfico sin unidad específica (presumiblemente miles de toneladas).
UBS Group AG,Swiss residential real estate,Residential Real Estate,Scope 1+2,Owner-occupied properties; properties rented out on a non-commercial scale,Amount drawn; Undrawn commitments,Switzerland,Personal & Corporate Banking; Global Wealth Management,PCAF,Energy Perspectives 2050+ ZERO basis for residential buildings (below 2°C),kg CO2e/m2 ERA,No encontrado,2021,2024,2030,"38,7","34,4",33,,,"21,1",45,15,"-6,52",,Verificado externamente - EY,USD,"213,3 (2024)",,,"1,1 MtCO2e (2024)",,"455,0 USDbn acumulado",,,,,Sí,1/03/2026,Sustainability Report 2025,p. 30-31,CAGR calculado manualmente.
UBS Group AG,Swiss commercial real estate,Commercial Real Estate,Scope 1+2,Rented-out properties in multi-family homes; any other income-producing real estate; own-use commercial real estate,Amount drawn; Undrawn commitments,Switzerland,Personal & Corporate Banking; Global Wealth Management,PCAF,Energy Perspectives 2050+ ZERO basis for residential buildings & services (below 2°C),kg CO2e/m2 ERA,No encontrado,2021,2024,2030,"31,3","28,5",28,,,"16,2",48,10,"-7,06",,Verificado externamente - EY,USD,"84,1 (2024)",,,"0,6 MtCO2e (2024)",,"455,0 USDbn acumulado",,,,,Sí,1/03/2026,Sustainability Report 2025,p. 30-31,CAGR calculado manualmente.
UBS Group AG,"Fossil fuels (coal, oil and gas)",Oil & Gas,Scope 1+2+3,Coal extraction; oil and gas upstream; refining and integrated companies,Amount drawn; Undrawn commitments,Global,Investment Bank; Personal & Corporate Banking,PCAF,IEA NZE 2050-WEO 2023 (1.5°C),million metric t CO2e,No encontrado,2021,2024,2030,"64,7","12,9","10,9",,,"19,4","0,70",83,"-12,56",,Verificado externamente - EY,USD,"2,3 (2024)",,,"0,2 MtCO2e (2024)",,"455,0 USDbn acumulado",,,,,Sí,1/03/2026,Sustainability Report 2025,p. 30-31,El sector normalizado es Oil & Gas pero el banco incluye explícitamente extracción de carbón. CAGR calculado manualmente.
UBS Group AG,Power generation,Power,Scope 1,Power generation and integrated electric utility companies,Amount drawn; Undrawn commitments,Global,Investment Bank; Personal & Corporate Banking; Global Wealth Management,PCAF / SDA,IEA NZE 2050-WEO 2023 (1.5°C),kg CO2e/MWh,No encontrado,2021,2024,2030,339,227,152,,,136,60,55,"-9,64",,Verificado externamente - EY,USD,"2,6 (2024)",,,"0,7 MtCO2e (2024)",,"455,0 USDbn acumulado",,,,,Sí,1/03/2026,Sustainability Report 2025,p. 30-31,CAGR calculado manualmente.
UBS Group AG,Iron and steel,Steel,Scope 1+2,Production of iron and steel; hot rolling and coking coal manufacturing,Amount drawn; Undrawn commitments,Global,Investment Bank; Personal & Corporate Banking,PCAF / SDA,IEA NZE 2050 - WEO 2023 adjusted for scope 2 (1.5°C),metric t CO2/metric t steel,No encontrado,2021,2024,2030,"1,75","1,41","1,5",,,"1,28",27,14,"-0,03415376499",,Verificado externamente - EY,USD,"0,3 (2024)",,,"0,2 MtCO2e (2024)",,"455,0 USDbn acumulado",,,,,Sí,1/03/2026,Sustainability Report 2025,p. 30-31,La métrica original utiliza CO2 en lugar de CO2e. CAGR calculado manualmente.
UBS Group AG,Cement,Cement,Scope 1+2,Production of cement and clinker,Amount drawn; Undrawn commitments,Global,Investment Bank; Personal & Corporate Banking,PCAF / SDA,IEA NZE 2050 - WEO 2023 adjusted for scope 2 (1.5°C),t CO2 / t cement,No encontrado,2021,2024,2030,"0,64","0,62","0,61",,,"0,48",24,4,"-3,15",,Verificado externamente - EY,USD,"0,6 (2024)",,,"0,1 MtCO2e (2024)",,"455,0 USDbn acumulado",,,,,Sí,1/03/2026,Sustainability Report 2025,p. 30-31,La métrica original utiliza CO2 en lugar de CO2e. CAGR calculado manualmente.